user_id,tourism_id,user_rating
198,686,5
198,127,5
198,435,2
198,474,4
198,720,5
198,132,3
198,1,4
198,508,2
198,277,2
198,162,4
198,402,5
198,245,4
198,424,2
198,132,3
198,212,4
198,568,3
198,737,4
198,434,3
198,102,1
198,76,1
198,421,2
198,678,2
198,377,4
198,298,3
198,93,4
198,14,5
198,411,2
198,385,5
198,77,3
198,293,4
198,698,3
151,732,2
151,512,3
151,158,3
151,479,3
151,746,2
151,650,5
151,132,5
151,720,1
151,83,2
151,329,3
151,604,4
151,518,5
151,465,4
151,151,1
151,692,4
151,121,2
151,131,5
151,56,3
151,126,2
151,257,2
67,142,5
67,377,3
67,112,4
67,120,1
67,112,5
67,22,2
67,759,5
67,86,2
67,272,4
67,417,4
67,621,3
67,129,2
67,54,4
67,172,5
67,119,5
67,537,4
67,40,1
67,750,1
67,108,4
67,513,1
67,521,3
67,216,1
67,555,5
67,329,5
67,360,2
67,499,4
67,210,2
67,185,5
67,648,5
67,540,5
67,559,2
67,122,2
67,89,2
67,519,4
67,115,3
67,521,1
67,565,1
67,113,3
67,467,5
67,204,5
67,654,3
67,444,2
67,457,2
67,717,4
67,424,2
67,34,3
67,737,3
67,209,1
67,273,4
67,247,1
67,553,5
67,752,3
67,603,5
138,12,3
138,374,1
138,725,2
138,129,5
138,197,4
138,277,2
138,319,1
138,701,2
138,79,4
138,190,4
138,129,2
138,443,5
138,302,3
138,29,5
138,491,4
138,268,2
138,445,3
138,667,3
138,601,3
138,583,4
138,429,3
138,661,1
138,204,4
138,247,2
138,102,4
138,746,2
22,530,1
22,706,5
22,547,3
22,116,4
22,359,2
22,115,5
22,696,4
192,423,5
192,189,5
192,186,4
192,346,4
192,713,2
192,422,4
192,112,1
192,136,3
192,567,4
192,345,3
192,632,2
192,224,5
192,39,3
192,98,2
192,722,5
192,240,4
192,326,2
192,579,5
192,590,5
192,677,4
192,683,3
192,736,5
192,41,1
192,131,3
192,133,1
192,576,5
192,59,2
192,106,5
192,565,1
192,669,3
192,276,2
192,567,3
192,342,1
192,661,5
192,76,1
192,280,2
192,510,3
192,333,3
192,269,1
192,48,5
192,443,3
192,434,3
192,216,2
192,140,3
144,134,2
144,615,4
144,321,1
144,667,3
144,105,4
144,335,4
144,333,3
144,157,1
144,280,5
144,292,1
144,323,2
144,282,3
144,731,3
144,390,2
144,700,4
144,393,4
144,435,5
144,102,2
144,370,2
144,649,1
144,667,3
144,297,2
144,178,3
144,697,3
144,480,3
144,138,4
144,456,3
144,347,1
144,548,5
144,298,2
144,203,4
144,491,1
144,165,2
144,743,4
144,544,2
144,508,2
144,40,4
144,571,4
144,208,3
144,512,2
144,339,3
144,588,3
144,196,3
144,194,4
144,593,3
144,318,3
144,232,1
144,144,3
144,469,4
144,53,5
144,235,5
144,742,2
144,326,5
144,663,3
144,569,3
144,555,1
144,90,1
144,218,4
144,371,1
144,259,3
144,115,3
144,720,1
144,311,3
144,209,5
144,343,1
144,426,2
144,160,4
144,628,4
144,264,3
144,411,2
144,483,4
144,177,2
144,335,1
144,189,4
144,320,5
144,140,1
144,520,3
144,576,4
144,763,2
144,604,3
144,350,4
144,403,1
144,321,5
144,154,4
144,635,2
144,349,1
144,371,1
144,154,3
144,61,3
144,212,5
144,684,5
144,61,2
144,318,1
41,185,1
41,605,5
41,342,1
41,481,4
41,428,5
41,413,4
41,695,3
41,316,1
41,687,2
41,308,5
41,540,1
41,346,2
41,583,1
41,261,4
41,760,2
41,35,2
41,327,3
41,58,4
41,374,5
41,110,1
41,378,3
41,79,1
41,1,3
29,647,1
29,58,1
29,254,3
29,636,4
29,421,3
29,590,5
29,672,4
29,227,3
29,180,4
29,673,1
29,67,4
29,763,3
29,214,2
29,365,3
29,257,1
29,578,3
29,271,4
29,168,3
29,626,5
29,45,1
29,714,4
29,287,3
29,289,4
29,570,3
29,595,2
29,593,3
29,410,3
29,657,3
29,354,1
29,93,4
29,284,3
29,32,4
29,278,4
29,78,2
29,146,2
29,472,3
29,283,2
29,529,4
29,468,2
29,214,4
29,270,3
29,263,2
29,562,4
29,338,4
29,618,5
29,534,4
29,569,3
29,494,3
29,33,5
29,484,5
29,444,5
29,253,1
29,592,5
29,92,2
29,280,2
29,112,5
29,646,2
29,760,4
29,500,1
29,300,1
29,429,2
29,652,2
29,749,4
29,325,1
29,74,5
29,14,5
29,552,4
29,65,5
29,368,5
29,320,5
29,278,3
29,663,5
29,251,4
29,402,5
29,759,4
29,337,4
29,21,3
29,611,4
29,650,1
29,282,2
29,416,4
29,303,4
29,331,4
29,455,1
29,735,5
29,254,2
29,754,5
29,157,4
29,398,4
29,595,5
29,462,5
29,690,1
29,18,1
45,727,2
45,377,1
45,187,2
45,524,3
45,198,2
45,662,5
45,755,1
45,229,3
45,758,3
45,305,2
45,236,1
45,333,1
45,106,2
45,456,2
45,290,2
45,538,5
45,382,4
45,588,1
45,517,1
45,439,4
45,176,5
45,88,1
45,372,2
45,152,1
45,338,3
45,230,1
45,234,2
163,466,1
163,448,5
163,95,3
163,730,1
163,434,2
163,163,3
163,619,2
163,541,5
163,452,4
163,341,5
163,615,2
163,590,1
163,276,3
163,669,3
163,763,2
163,177,3
163,381,5
163,760,1
163,113,4
163,415,5
163,77,3
163,100,5
163,540,4
163,284,3
163,548,2
163,455,1
163,537,2
163,688,4
163,124,1
163,604,3
163,462,3
163,605,4
163,705,4
163,743,2
163,714,2
163,457,2
163,532,2
163,695,3
163,739,5
163,271,4
163,712,5
163,251,1
163,758,4
163,374,4
163,421,1
163,550,5
163,334,4
163,253,5
163,86,4
163,653,4
163,478,2
163,29,2
163,276,5
163,665,4
163,348,5
163,325,1
163,652,1
163,438,3
163,384,3
163,45,5
163,435,4
163,643,4
163,430,3
163,669,4
163,170,4
163,402,4
163,241,2
163,670,1
169,203,1
169,195,1
169,697,1
169,656,4
169,99,1
169,602,2
169,24,1
169,169,1
169,179,1
169,613,1
169,688,3
169,640,4
169,607,5
169,604,1
169,441,2
169,29,2
169,670,1
169,498,5
169,740,2
169,522,1
169,640,2
169,327,5
169,63,3
169,705,5
169,98,4
169,264,1
169,527,5
169,3,4
169,746,3
169,274,2
169,336,3
169,129,5
169,235,3
169,299,2
169,314,2
169,200,3
169,222,5
169,561,5
169,250,3
169,442,2
169,201,1
169,46,2
169,705,1
169,752,3
169,582,2
169,461,2
169,304,3
169,711,5
169,484,4
169,635,4
169,730,1
169,286,4
169,14,2
169,160,1
169,520,4
70,220,4
70,514,1
70,280,3
70,197,3
70,515,1
70,238,5
70,343,2
70,331,1
70,676,1
70,740,3
70,169,1
70,110,1
70,52,3
70,250,3
70,386,3
70,554,5
70,598,5
70,763,2
70,544,5
70,713,4
70,109,2
70,259,2
70,477,3
70,211,4
70,443,4
70,253,3
70,762,3
70,201,2
70,634,3
70,393,5
70,594,3
70,479,4
70,219,1
70,626,2
70,395,4
70,230,2
70,742,3
183,417,1
183,74,4
183,441,2
183,28,3
183,642,3
183,83,4
183,736,2
183,504,3
183,192,3
183,522,1
183,420,4
183,102,3
183,234,2
183,623,4
183,70,1
183,733,4
183,477,5
183,193,1
183,185,4
183,728,4
183,115,3
183,726,5
183,638,5
183,707,5
183,630,3
183,726,5
183,223,1
183,727,1
183,219,5
183,429,3
183,462,3
183,685,4
183,397,5
183,190,4
183,370,4
183,52,4
183,509,2
183,440,2
183,659,4
183,7,4
183,138,3
183,385,3
183,524,3
183,117,4
183,129,3
183,735,3
183,29,5
183,758,1
183,77,5
183,631,2
183,93,2
183,686,5
183,306,1
183,723,5
183,632,5
183,356,2
183,480,1
183,543,2
183,140,3
183,570,5
183,456,5
183,450,3
183,555,3
183,171,5
183,432,4
183,433,2
183,602,1
183,492,5
183,763,5
183,69,4
183,276,5
183,434,5
183,434,5
183,483,2
59,297,2
59,435,1
59,380,4
59,668,3
59,492,1
59,632,4
59,597,5
59,578,4
59,401,3
59,180,1
59,33,2
59,248,3
59,432,2
59,319,5
59,252,1
59,688,5
59,201,2
59,504,1
59,667,1
59,261,2
59,708,4
59,336,4
59,334,1
59,150,4
59,718,2
59,541,3
59,733,1
59,321,5
59,383,3
59,381,4
59,476,1
59,605,4
59,484,5
59,523,4
59,175,1
59,442,2
59,511,2
59,169,2
59,287,2
59,390,3
59,28,4
59,92,4
59,608,4
59,737,5
59,35,5
59,697,4
59,100,4
59,241,2
59,312,2
59,603,3
59,620,1
59,125,1
59,38,1
59,762,1
59,497,4
59,94,2
59,313,2
59,569,2
59,402,5
59,267,3
59,236,5
59,210,5
59,536,4
59,275,3
59,367,5
59,133,3
59,677,4
59,383,4
59,60,1
59,397,1
59,513,2
59,342,2
59,584,2
59,103,4
59,422,2
59,600,2
59,549,4
59,181,3
59,710,4
59,157,5
59,185,5
59,321,5
59,533,5
59,671,4
59,94,1
59,733,2
59,291,3
59,143,4
59,486,4
59,279,1
59,421,4
59,369,3
81,394,2
81,271,4
81,326,4
81,513,1
81,519,5
81,383,3
81,520,5
81,582,4
81,669,4
81,284,3
81,474,2
81,749,4
81,272,5
81,553,2
81,321,3
81,101,2
81,97,5
81,453,1
81,353,1
81,400,4
81,533,4
81,607,2
81,145,5
81,197,2
81,454,3
81,467,5
81,546,2
81,571,2
81,83,2
81,54,5
81,677,2
81,190,5
81,150,2
81,475,1
81,543,1
81,298,2
81,560,3
81,670,5
81,473,3
81,554,4
81,223,1
81,658,3
81,118,2
81,285,4
81,52,4
81,128,4
81,271,3
81,678,1
81,191,4
81,517,2
81,68,4
81,585,2
81,599,1
81,294,5
81,186,3
81,308,3
81,122,5
81,10,1
81,677,5
81,375,5
81,461,3
81,477,4
81,202,4
81,339,5
81,53,3
81,240,5
81,504,1
81,452,4
81,636,1
81,200,4
81,528,4
81,220,5
81,611,1
81,5,2
81,715,5
81,367,2
81,132,4
81,521,3
81,302,1
81,549,5
177,555,5
177,747,5
177,268,1
177,424,1
177,28,4
177,459,2
177,675,4
177,703,1
177,424,3
177,513,3
177,452,5
177,441,4
177,186,2
177,42,2
177,375,4
177,548,5
177,566,2
186,15,3
186,274,3
186,245,1
186,21,4
186,691,1
186,521,1
96,573,2
96,47,2
96,274,1
96,376,1
96,752,4
96,570,5
96,388,5
96,739,5
96,84,1
96,628,2
96,421,1
96,713,4
96,661,4
96,742,1
96,211,3
96,683,1
96,431,2
96,49,1
96,603,3
96,194,2
96,435,2
96,128,4
96,593,3
96,103,5
96,315,5
96,727,5
96,364,1
96,733,4
96,423,2
96,45,4
96,723,2
96,211,5
96,557,5
96,40,5
96,131,3
96,592,1
96,305,3
96,636,1
96,151,3
96,221,3
96,178,3
96,323,5
96,759,4
96,758,4
96,204,1
96,689,3
96,643,2
96,629,4
96,327,5
96,337,5
96,236,5
96,76,4
96,456,5
96,599,3
96,191,5
96,395,5
96,694,3
96,207,4
96,71,5
96,239,5
75,15,5
75,400,1
75,185,4
75,652,4
75,604,2
75,118,3
75,56,3
75,51,4
75,272,5
75,29,5
75,89,1
75,172,4
75,738,4
75,242,3
75,61,4
75,2,2
75,138,1
75,559,3
75,271,5
75,756,3
75,242,3
75,46,3
75,724,1
75,370,5
75,329,4
75,272,4
75,471,1
75,141,2
75,247,4
75,476,4
75,452,2
75,400,1
75,734,4
75,497,2
75,559,1
75,83,1
75,262,1
75,661,2
75,386,2
75,62,1
75,292,2
75,130,5
75,709,5
75,531,5
75,300,4
75,92,5
75,3,5
75,157,5
75,4,2
75,58,2
75,221,1
75,340,5
75,507,3
75,332,3
75,344,5
75,700,3
75,18,4
75,606,5
75,370,2
75,490,1
75,755,3
75,514,3
75,350,3
75,414,5
75,554,3
75,137,2
75,223,1
75,623,2
75,578,1
75,6,1
75,65,5
75,537,2
75,744,1
75,133,3
75,239,5
75,185,2
75,500,1
109,391,3
109,337,1
109,370,5
109,65,3
109,521,5
109,312,2
109,405,2
109,686,4
109,171,3
109,356,3
109,468,1
55,193,1
55,759,2
55,215,4
55,207,2
55,604,2
55,150,2
55,711,5
55,595,1
55,319,4
55,296,1
55,479,5
55,92,3
55,73,1
55,264,4
55,256,1
55,359,3
55,144,2
55,380,3
55,428,4
55,710,1
55,351,1
55,586,4
55,66,1
55,206,2
55,591,5
55,84,1
55,135,2
55,449,5
55,388,3
55,529,5
55,306,4
55,625,1
55,444,4
55,658,2
55,469,3
55,641,5
55,326,3
55,155,3
55,219,5
55,484,4
55,292,3
55,726,5
55,359,2
55,140,4
55,559,2
55,347,5
55,669,4
55,447,4
55,461,1
55,356,4
55,181,2
55,516,4
55,118,1
55,483,1
55,418,4
55,123,1
55,550,1
55,510,3
55,322,1
39,69,1
39,378,5
39,203,4
39,364,3
39,635,1
39,206,5
39,352,2
39,101,5
39,324,4
39,622,3
39,161,5
39,109,1
39,61,2
39,346,1
39,282,1
39,115,1
39,758,2
39,470,4
39,240,4
39,15,2
39,461,3
39,523,4
39,192,3
39,46,2
39,56,1
39,480,3
39,480,2
39,46,4
39,541,2
39,338,1
39,381,3
39,239,3
39,151,1
39,169,3
39,105,2
39,631,4
39,519,4
39,143,2
39,262,3
39,476,3
39,710,5
39,532,3
39,739,3
39,562,1
39,208,4
39,382,4
39,250,4
39,658,2
39,377,3
39,741,2
39,239,3
39,651,1
39,627,4
39,445,5
39,172,4
39,733,5
39,425,1
39,399,4
39,158,5
39,269,1
39,744,2
39,407,4
39,393,3
39,269,4
39,258,4
39,116,3
39,478,4
39,53,2
39,289,1
39,570,4
39,732,4
39,731,3
39,162,2
39,2,2
39,153,2
39,68,2
39,549,2
39,78,5
39,222,3
39,567,4
39,755,5
39,434,1
39,26,5
39,48,2
39,162,3
39,327,2
39,12,5
39,510,5
39,679,5
39,206,1
39,542,3
39,147,3
39,278,2
39,402,3
39,480,1
167,666,3
167,411,4
167,205,3
167,57,4
167,202,3
167,473,5
167,426,5
167,533,4
167,449,1
167,409,1
167,725,1
167,377,1
167,591,1
167,503,1
167,583,2
167,305,2
167,301,1
167,753,3
167,210,5
167,458,5
167,105,1
167,760,3
167,464,5
167,647,4
167,54,5
167,749,3
167,437,2
167,574,3
167,49,4
167,318,3
167,240,2
167,383,5
167,116,5
167,467,3
167,149,2
167,728,5
167,532,2
167,226,4
167,125,4
167,343,4
167,70,3
167,381,5
167,688,3
167,249,1
167,42,3
167,667,2
167,202,5
167,467,4
167,302,3
167,317,5
167,434,4
167,549,5
167,12,4
167,531,5
167,347,3
167,674,1
167,262,5
167,538,1
167,4,4
167,146,5
167,622,2
167,749,1
167,427,2
167,740,4
167,478,1
167,312,1
167,460,1
167,224,2
167,119,2
167,35,2
167,691,1
167,144,1
167,297,3
167,344,4
167,75,5
167,108,3
167,539,2
167,180,4
167,643,2
167,682,3
167,752,2
167,533,5
167,394,4
167,575,1
167,68,5
167,516,5
167,79,1
167,450,1
167,58,5
167,353,3
167,351,2
167,566,1
167,530,5
167,538,3
167,669,5
181,428,4
181,309,2
181,407,3
181,546,5
181,481,5
181,577,3
181,681,3
181,196,5
181,34,5
181,429,1
181,734,2
181,307,4
181,599,3
181,747,3
181,294,3
181,564,5
181,344,5
181,399,4
181,119,3
181,546,5
181,610,2
181,33,4
181,158,4
181,397,4
181,601,2
181,457,3
181,509,2
181,697,4
181,28,3
181,747,5
181,448,5
181,482,4
181,725,3
181,598,3
181,416,5
181,144,5
181,498,4
181,305,1
181,530,2
181,159,4
181,44,4
181,279,1
181,396,5
181,190,2
181,649,1
181,127,4
181,346,3
181,12,2
181,590,5
181,708,1
181,168,1
181,660,3
181,450,5
181,262,1
181,556,2
181,730,1
181,485,1
181,302,1
181,545,2
181,476,5
181,391,3
181,490,4
181,658,4
181,84,2
181,713,5
181,452,3
181,63,1
181,664,3
181,575,5
181,191,3
181,454,1
181,526,1
181,335,1
181,113,2
181,455,4
181,466,1
181,510,1
181,584,2
181,38,2
181,54,1
181,753,3
181,538,4
181,641,2
181,501,5
181,641,1
181,483,4
181,78,5
181,422,4
181,653,5
181,92,4
181,88,2
181,272,4
181,164,3
181,36,3
161,622,1
161,415,2
161,353,5
161,632,3
161,698,2
161,752,5
161,389,5
161,664,1
161,240,1
161,64,1
161,83,5
161,408,4
161,454,5
161,350,2
161,329,5
161,35,4
161,117,5
161,373,5
161,260,1
161,110,4
161,144,5
161,24,3
161,345,2
161,57,4
161,19,1
161,589,3
161,380,5
161,407,5
161,443,4
161,639,3
161,500,4
161,758,4
161,33,5
161,636,1
161,549,3
161,319,4
161,181,1
161,222,5
161,213,2
161,166,3
161,73,1
161,436,4
161,69,3
161,320,3
161,63,1
161,261,2
161,6,4
161,598,4
161,591,4
161,319,3
161,606,2
161,722,2
161,365,4
161,383,1
161,757,3
161,528,1
191,563,2
191,61,5
191,758,1
191,80,5
191,708,3
191,309,3
191,721,3
191,325,5
191,92,3
191,364,2
191,356,4
191,750,1
191,117,1
191,759,3
191,320,1
191,233,3
191,40,2
191,53,3
191,721,3
191,356,2
191,334,1
191,41,1
191,42,1
191,168,2
191,449,5
191,493,3
191,647,3
191,646,4
191,16,4
191,183,4
191,337,3
191,251,3
191,549,4
191,389,1
191,581,2
191,281,5
191,206,5
191,198,2
191,114,5
191,555,3
191,488,2
191,346,2
191,121,3
191,30,3
191,346,3
191,471,5
191,167,5
191,429,1
191,15,2
191,301,3
191,157,3
191,231,2
191,233,5
191,207,2
191,625,5
191,128,5
191,458,1
191,345,3
191,759,5
191,382,4
191,413,5
191,328,2
191,608,5
191,661,3
191,279,4
191,579,3
191,579,2
191,524,5
191,553,5
191,666,1
191,427,4
191,58,4
191,27,3
191,461,3
191,210,5
191,521,2
191,678,1
191,107,5
191,498,5
191,182,4
191,196,2
191,423,5
191,762,3
191,390,5
191,313,4
191,432,1
191,141,3
191,398,5
191,72,5
191,163,5
191,732,3
191,658,5
191,687,4
191,496,3
191,569,2
193,31,4
193,386,5
193,157,5
193,58,4
193,122,1
193,756,5
193,302,5
193,358,2
193,506,4
193,277,4
193,541,3
193,387,2
193,191,5
193,613,2
193,494,1
193,749,4
193,58,2
193,222,1
193,461,2
193,24,2
193,305,4
193,159,3
193,146,3
193,660,5
193,706,3
193,192,1
193,60,3
193,728,5
101,106,4
101,680,2
101,114,2
101,677,2
101,419,5
101,33,2
101,741,2
101,277,2
101,565,4
101,82,3
101,521,5
101,491,4
101,133,3
101,426,2
101,92,3
101,31,3
101,13,2
101,428,4
101,262,1
101,393,3
101,736,3
101,654,4
101,545,2
101,30,2
101,136,5
101,6,2
101,27,2
101,464,4
101,163,1
101,492,4
101,242,1
101,237,4
101,122,5
101,41,4
101,566,3
101,20,2
101,268,5
101,670,4
101,85,3
101,74,5
101,725,1
101,30,5
101,173,4
101,581,5
101,650,5
101,667,1
101,246,3
101,443,5
101,460,4
101,692,4
101,35,5
101,433,3
101,17,2
101,51,1
101,614,2
101,509,4
101,165,3
101,273,5
101,52,4
101,173,5
101,745,2
101,685,2
175,468,3
11,728,4
11,174,1
11,409,4
11,372,1
11,453,3
11,621,5
11,473,4
11,739,2
11,662,4
11,238,3
11,443,2
11,379,1
11,605,5
11,286,3
11,26,2
11,712,4
11,615,1
11,131,2
11,435,1
11,723,1
11,396,2
11,449,2
11,58,4
11,579,2
11,697,2
11,640,5
11,472,4
11,67,3
11,501,1
11,136,4
11,533,4
11,378,5
11,521,3
11,257,3
11,212,3
11,28,4
11,747,4
11,229,2
11,246,2
11,337,5
11,140,2
11,305,2
11,58,1
11,523,2
11,513,5
11,52,2
11,594,5
11,149,3
11,160,1
11,102,5
11,534,3
11,279,2
11,2,3
11,234,1
11,655,1
11,180,4
11,199,2
11,445,2
11,694,2
11,285,5
11,564,3
11,710,3
11,56,5
11,147,4
11,1,2
11,341,5
11,100,3
11,20,4
11,166,2
11,442,2
11,419,5
11,96,1
11,592,4
11,678,5
11,25,4
11,402,3
11,118,2
11,303,5
11,544,4
11,449,3
11,360,4
11,254,5
11,674,5
11,382,4
11,242,5
155,217,2
155,756,5
155,719,3
155,749,1
155,473,1
155,666,2
155,44,2
155,201,1
155,170,3
155,95,2
155,128,3
155,705,4
155,72,4
155,310,4
155,469,2
155,400,4
155,493,2
155,474,3
155,637,2
155,657,1
155,386,5
155,392,3
155,519,1
155,613,3
155,528,3
155,117,1
155,516,4
155,532,1
155,45,5
155,292,2
155,716,1
155,65,1
155,366,4
155,166,5
155,617,2
155,380,2
155,192,2
155,51,5
155,430,3
155,452,1
155,107,5
155,177,1
155,341,4
155,229,3
155,428,4
155,264,2
155,686,1
155,602,1
155,578,3
155,403,2
155,610,3
155,428,4
155,620,4
155,41,4
155,128,5
155,262,3
155,62,2
155,711,3
155,311,1
155,206,2
155,113,1
155,453,2
155,342,1
155,485,2
155,697,1
155,90,5
155,123,5
155,686,2
155,758,1
155,189,5
155,537,1
155,375,5
155,78,5
155,150,3
155,159,2
155,299,4
155,75,4
155,586,1
155,56,2
155,261,3
155,464,4
155,674,3
155,716,3
155,365,5
155,393,4
79,617,4
79,99,1
79,53,1
79,516,2
79,312,4
79,265,3
79,165,1
79,604,1
79,54,5
79,185,4
79,394,5
79,732,5
79,431,5
79,333,4
79,578,2
79,310,5
79,450,2
79,349,3
79,508,4
79,396,5
79,528,3
79,254,3
79,452,3
79,172,3
79,201,3
79,106,4
79,394,5
79,433,1
79,47,5
79,484,4
79,204,3
79,568,2
79,590,1
79,647,3
79,1,5
79,24,4
79,673,4
79,559,5
79,109,5
79,734,1
79,699,4
79,100,4
79,415,4
79,365,3
79,308,5
79,200,3
79,480,4
79,535,4
79,72,5
79,355,2
79,652,5
79,258,2
79,583,2
79,246,3
79,506,5
79,682,3
79,285,5
79,664,2
79,94,2
79,323,3
79,18,3
79,619,2
79,29,4
79,402,5
79,74,2
79,327,3
79,116,5
79,637,1
79,144,4
79,167,2
79,223,5
79,467,1
79,234,5
79,468,4
79,246,3
79,643,5
79,439,3
79,705,2
79,144,2
79,701,2
79,388,1
79,505,3
79,483,2
79,461,4
79,34,5
79,58,2
79,655,4
79,213,1
79,257,3
79,159,1
79,381,1
79,236,2
79,151,1
79,225,2
159,336,4
159,669,3
159,336,2
159,9,5
159,616,2
159,572,3
159,314,2
159,397,3
159,23,2
159,206,1
159,331,3
159,748,5
159,304,3
159,638,2
159,258,3
159,107,5
159,470,5
159,6,5
159,444,5
159,570,5
159,69,1
159,93,4
159,481,4
159,636,3
159,434,5
159,272,5
159,86,1
159,641,3
159,277,2
159,383,5
159,672,2
159,671,2
159,271,5
159,739,5
159,21,3
159,130,5
159,632,5
159,646,1
159,661,2
159,664,2
159,120,4
159,148,2
159,690,1
159,235,4
159,237,3
159,763,5
159,245,1
159,387,5
159,245,5
159,274,5
159,763,3
159,164,2
159,226,4
159,61,4
159,307,4
159,12,4
159,659,5
159,573,1
159,182,5
159,225,4
159,355,3
159,324,4
159,303,5
159,395,2
159,72,2
159,184,3
159,49,3
159,56,2
159,522,5
159,615,2
159,371,1
159,620,3
159,341,3
159,546,5
159,535,3
159,202,3
159,415,4
159,229,1
159,290,3
159,636,4
159,162,5
159,657,4
159,483,2
159,714,5
159,61,4
159,584,3
123,389,1
123,190,1
123,484,4
123,695,4
133,443,2
133,466,3
133,596,4
133,212,2
133,555,4
133,702,1
133,674,5
133,647,2
133,604,5
133,296,1
133,86,5
133,286,5
133,190,3
133,48,4
133,488,5
133,447,2
133,472,4
133,558,3
133,635,5
133,518,1
133,286,4
133,600,3
133,715,1
133,728,1
133,721,2
133,447,4
133,506,2
133,463,3
133,348,5
133,270,2
133,27,5
133,710,3
133,19,2
133,433,3
133,386,4
133,197,3
133,651,1
133,582,5
133,120,5
133,261,4
133,705,1
133,330,4
133,542,1
133,759,3
133,325,4
133,720,2
133,149,1
133,17,4
133,98,1
133,477,2
133,313,1
133,33,3
133,106,4
133,430,2
133,620,2
133,512,3
133,379,5
133,703,2
133,3,1
133,438,3
133,357,4
133,666,3
133,598,3
133,330,5
133,617,3
133,754,5
133,673,1
133,397,5
133,131,2
133,391,3
133,128,2
133,301,3
133,482,2
133,370,3
133,35,3
133,534,4
133,692,3
133,627,5
133,442,1
133,549,2
133,629,2
133,446,3
133,624,4
133,160,5
133,224,3
133,729,1
178,702,4
178,691,1
178,722,2
178,432,4
178,14,2
178,497,1
178,338,3
178,719,5
178,510,3
178,23,3
178,267,1
178,384,1
178,459,5
178,663,4
178,163,1
178,235,4
178,154,5
178,212,2
178,178,3
178,7,5
178,201,3
178,55,5
178,320,2
178,147,5
178,223,1
178,6,2
178,112,4
178,519,5
178,701,2
178,722,4
178,19,4
178,506,4
18,618,4
18,175,3
18,252,2
18,137,5
18,713,1
18,40,5
18,334,5
18,359,3
18,122,5
18,354,2
18,758,4
18,93,4
18,475,4
18,575,1
18,755,4
18,627,4
18,12,3
18,108,2
18,657,3
18,743,2
18,192,2
18,318,3
18,354,5
127,624,2
127,708,5
127,550,3
127,599,3
127,341,3
127,229,4
127,240,5
127,542,2
127,521,2
127,752,3
127,139,3
127,109,4
127,218,5
127,3,1
127,583,3
127,218,1
127,734,1
127,97,3
127,480,2
127,84,3
127,363,2
127,479,4
127,320,1
127,238,3
127,262,2
127,205,2
127,650,5
127,346,2
127,498,3
127,141,5
146,155,5
146,614,1
146,405,1
146,362,4
146,312,4
146,576,2
146,73,4
146,660,5
146,722,3
146,276,3
146,262,1
146,192,1
146,444,3
146,266,2
146,382,1
146,213,1
146,489,4
146,304,1
146,702,1
146,220,5
146,593,2
146,29,5
146,486,3
146,4,4
147,542,2
147,403,1
147,717,5
147,660,3
147,265,2
147,95,3
147,761,1
147,393,1
147,582,3
147,63,3
147,108,2
147,27,2
147,274,3
147,453,2
147,586,3
147,524,4
147,504,4
147,763,4
147,558,4
147,550,1
147,316,2
147,509,5
147,523,5
147,434,2
147,371,4
147,398,3
147,440,1
147,322,5
147,686,3
147,210,1
147,322,3
147,112,2
147,405,5
147,691,4
147,408,4
147,234,2
147,737,1
147,185,4
147,316,3
147,32,2
147,40,2
147,689,2
147,43,5
147,473,2
147,399,5
147,381,1
147,377,4
147,745,1
147,668,1
147,484,5
147,522,3
147,476,3
147,226,3
147,569,3
147,265,5
147,448,2
147,170,2
147,591,5
147,525,1
147,693,1
147,153,5
147,615,3
196,307,1
196,275,3
196,134,5
196,244,3
196,94,1
196,306,3
196,227,3
196,626,1
196,67,5
196,151,4
196,732,2
196,34,1
196,609,4
196,471,3
196,347,1
196,733,1
196,192,2
196,566,3
196,598,5
196,474,5
196,761,2
196,157,4
196,692,3
196,257,4
196,205,5
196,717,2
196,247,1
196,550,3
196,676,5
196,693,3
196,56,2
196,82,1
196,483,4
196,650,4
196,466,1
196,234,1
196,453,2
196,511,1
196,86,1
196,376,5
196,204,2
196,510,1
196,255,5
196,501,4
196,581,5
196,389,3
196,500,4
196,684,3
196,434,4
196,575,1
196,500,3
196,383,5
196,442,4
196,336,2
196,297,3
196,247,2
196,6,2
196,314,4
196,503,1
196,186,4
196,503,1
196,655,2
196,479,1
196,457,2
196,326,1
196,682,5
196,443,1
196,467,1
196,403,2
196,409,3
196,273,2
196,294,3
196,330,5
196,69,1
196,216,3
196,185,3
196,591,3
196,761,3
196,295,1
196,536,1
196,403,1
196,553,3
196,607,1
196,101,1
196,37,3
196,447,3
196,346,1
196,432,3
196,507,5
196,531,1
196,293,2
196,80,4
196,294,2
196,314,5
196,220,5
196,753,3
196,703,2
196,411,2
196,651,1
196,20,2
111,22,4
111,326,2
111,404,2
111,324,4
111,399,5
111,117,1
111,320,2
111,747,1
111,144,1
111,137,3
111,455,4
111,98,5
111,133,4
111,697,1
111,298,1
111,236,1
111,364,1
111,646,2
111,514,1
111,724,1
111,245,2
111,237,4
111,667,5
111,124,5
111,407,2
111,666,4
111,383,3
111,290,2
111,443,1
111,512,5
111,444,5
111,254,1
111,669,1
111,399,1
111,444,3
111,91,2
111,238,5
111,381,1
111,588,4
111,445,1
111,416,4
111,462,4
111,472,1
111,737,3
111,134,1
111,660,5
111,28,5
111,442,4
111,396,5
111,712,4
111,704,5
111,651,5
111,455,3
111,718,1
111,624,5
111,608,3
111,571,4
111,150,5
111,751,2
111,457,3
111,702,2
111,453,4
111,656,2
111,243,4
111,695,5
111,230,2
111,157,5
26,268,5
26,332,5
26,104,1
26,459,3
26,691,2
26,146,3
26,758,5
26,278,2
77,90,1
77,104,1
77,228,3
77,280,4
77,626,3
77,224,2
77,426,3
77,218,3
77,392,2
77,401,4
77,644,5
77,245,1
77,657,5
77,146,3
77,99,5
77,651,3
77,514,4
77,473,1
77,469,5
77,425,5
77,623,2
77,273,3
77,377,5
77,183,3
77,480,2
77,397,3
77,102,4
77,308,2
77,235,5
77,11,3
77,261,1
77,451,5
77,582,1
77,288,4
77,91,3
77,741,4
77,727,4
77,266,3
77,448,1
125,677,3
125,419,4
125,361,1
125,156,1
125,132,1
125,5,2
125,658,2
125,467,4
125,304,1
125,90,3
125,56,3
125,506,1
125,616,2
125,647,2
125,3,3
125,433,1
125,378,4
125,503,1
125,651,3
125,753,5
125,190,2
125,655,3
125,176,1
125,14,1
125,626,1
125,347,1
125,585,4
125,255,4
125,327,3
125,55,1
125,361,5
125,546,1
125,493,1
125,439,5
125,411,3
125,740,5
125,553,5
125,381,5
125,366,4
125,123,5
125,542,4
125,374,5
125,595,5
125,541,1
125,630,4
125,511,5
125,760,5
125,280,3
125,27,1
125,181,5
125,459,4
125,756,3
125,375,5
125,649,4
125,660,4
125,407,1
125,359,2
125,369,1
125,4,4
125,166,2
125,349,1
125,414,1
125,373,4
125,246,3
125,412,4
125,532,5
125,753,3
125,253,2
125,744,4
125,257,1
125,693,5
125,79,5
125,573,4
125,135,4
125,149,3
125,552,5
125,757,4
125,585,1
125,612,3
125,593,3
125,347,2
73,629,4
73,757,3
73,70,2
73,328,3
73,86,3
73,90,2
73,669,5
73,64,1
73,9,4
73,487,5
73,701,2
73,503,2
73,95,1
73,666,2
73,376,5
73,192,5
73,577,2
73,289,4
73,421,4
73,578,5
73,629,4
73,454,3
73,150,3
73,419,4
73,365,5
73,230,4
73,12,3
73,41,1
73,761,5
73,52,1
73,411,1
73,322,2
73,6,2
73,219,4
73,131,5
73,506,4
73,668,4
73,330,5
73,53,1
73,589,3
73,118,4
73,204,1
73,584,5
73,529,1
73,527,5
73,200,2
73,515,5
73,485,1
73,436,2
73,542,1
73,424,4
73,477,2
73,461,3
73,204,1
73,535,1
73,503,4
73,528,2
73,658,2
73,467,4
73,707,4
73,130,2
73,212,1
73,603,3
73,739,1
73,502,5
73,415,4
131,537,1
131,197,2
131,352,1
131,726,3
131,385,3
131,749,1
131,311,5
131,604,3
131,467,5
131,75,5
131,336,1
131,590,5
131,552,3
131,267,5
131,719,3
131,401,5
131,362,4
131,86,5
131,369,4
131,521,5
131,639,3
131,520,3
131,666,5
131,677,1
131,271,5
131,149,1
131,592,1
131,690,5
131,648,4
131,664,4
131,249,5
131,508,2
131,90,2
131,642,5
131,82,1
131,261,4
131,470,5
131,680,2
131,560,2
131,326,3
131,631,4
131,53,5
131,188,2
131,90,3
131,603,1
131,605,3
131,489,4
131,112,1
131,293,3
131,297,1
131,491,2
131,699,3
131,411,2
131,42,1
131,412,4
131,491,1
131,257,2
131,598,4
131,420,4
131,699,1
131,179,1
131,418,2
107,127,1
107,149,1
107,452,4
107,696,3
107,711,5
107,318,3
107,549,3
107,49,2
107,406,4
107,478,4
107,742,4
107,224,3
107,212,4
107,487,4
107,489,5
107,612,3
107,447,4
107,593,2
107,572,5
107,505,4
107,680,4
107,82,1
107,22,5
107,477,5
107,216,2
107,308,5
107,623,2
107,202,5
107,611,1
107,309,5
107,175,4
106,37,1
106,614,2
106,253,2
106,477,4
106,347,5
106,159,4
106,659,1
106,655,2
106,702,2
106,457,2
106,280,5
106,647,5
106,570,1
106,346,3
106,105,1
106,84,3
106,219,2
106,25,2
106,646,1
106,512,5
106,392,1
106,371,4
106,48,3
106,77,1
106,263,1
106,545,3
106,232,1
106,380,3
106,756,1
106,213,5
106,749,2
106,193,5
106,138,5
106,184,3
106,384,1
106,562,4
106,296,2
106,531,5
106,166,5
106,753,3
106,478,2
106,347,2
106,134,5
106,438,4
106,170,2
106,354,5
106,377,5
106,676,2
106,442,5
106,512,2
106,52,5
106,612,5
106,356,4
106,504,2
106,40,1
106,296,3
106,462,4
106,667,3
106,122,5
106,213,4
106,664,2
106,333,4
106,384,5
106,715,3
106,410,2
106,42,4
106,226,1
106,64,2
106,300,1
106,685,1
106,578,1
106,102,4
106,327,4
106,651,4
106,721,2
106,341,3
106,155,2
106,110,2
106,53,4
106,526,1
106,559,4
106,522,2
106,161,2
106,89,5
106,261,3
106,694,4
27,627,5
27,594,5
27,54,1
27,235,4
27,663,5
27,548,3
27,578,4
27,43,2
27,439,5
27,37,4
27,373,3
27,266,5
27,258,4
27,325,2
27,388,1
27,296,4
27,538,5
27,84,5
27,61,1
27,610,2
27,623,1
27,560,1
27,618,4
27,630,5
27,340,3
27,712,5
27,175,1
27,637,1
27,211,2
27,457,3
27,495,4
27,47,3
27,26,4
27,537,5
27,258,2
27,90,5
27,4,3
27,609,5
27,300,4
64,439,4
64,440,1
64,550,4
64,650,2
64,372,4
64,249,1
64,575,5
64,599,1
64,242,4
64,446,5
64,501,1
64,242,1
64,113,5
64,298,1
64,227,1
64,420,5
64,249,2
64,114,5
64,228,3
64,752,5
64,381,1
64,449,1
64,252,3
64,635,5
64,38,4
64,521,5
64,373,4
64,203,2
64,346,3
64,180,1
64,510,5
64,225,3
64,415,3
64,143,1
64,332,5
64,123,4
64,77,2
64,588,4
64,716,2
64,225,1
64,246,4
64,58,5
64,553,1
64,652,4
64,646,4
64,202,1
51,185,1
51,43,4
51,3,5
51,151,5
51,507,5
51,440,3
51,163,5
51,564,3
51,117,2
51,277,4
51,366,4
51,384,3
51,530,4
51,4,4
51,648,4
51,641,2
51,23,1
51,258,3
51,332,4
51,595,5
51,486,4
51,731,5
51,731,4
51,331,1
51,319,1
51,607,1
51,441,3
51,745,5
51,263,5
51,245,5
51,717,5
51,217,2
51,1,5
51,385,3
51,762,5
51,629,3
51,87,4
51,291,5
51,689,2
51,178,1
51,726,1
51,66,2
51,407,2
51,233,5
51,653,3
51,459,2
51,182,3
51,500,4
51,66,3
51,411,5
51,424,4
51,519,4
51,591,5
51,749,3
51,359,1
51,14,3
51,451,4
51,358,4
51,439,4
51,157,3
51,357,2
51,92,4
51,350,3
51,485,1
51,521,5
51,436,4
51,148,4
51,687,2
51,142,2
51,236,1
51,634,1
51,409,3
51,473,5
51,526,1
51,649,1
51,325,4
51,525,3
51,397,4
51,94,2
51,352,3
51,473,2
51,730,4
51,589,3
51,662,1
51,685,4
51,402,2
51,226,5
51,752,2
51,596,1
180,590,5
180,193,2
180,192,2
180,390,3
180,396,4
180,367,3
180,491,2
180,335,2
180,720,5
180,342,3
180,559,1
180,4,4
180,174,3
180,464,1
180,59,5
180,23,4
180,59,1
180,69,3
180,414,1
180,167,2
180,54,4
180,433,4
180,312,5
180,132,3
180,660,5
180,262,2
180,335,2
180,307,3
180,475,2
180,308,2
180,446,1
180,21,3
180,311,4
180,246,1
180,129,4
180,712,2
180,361,3
180,752,5
126,250,3
126,546,2
126,488,4
126,664,2
126,442,5
126,513,1
126,328,1
126,120,3
126,747,5
126,523,2
126,307,3
126,59,2
126,391,1
126,578,4
126,215,2
126,638,1
126,455,1
126,575,5
126,692,4
126,2,3
126,383,4
126,744,2
126,658,4
126,254,1
126,716,3
126,204,1
126,231,2
126,69,5
126,556,5
126,363,1
126,626,3
126,107,1
126,469,4
126,249,2
126,357,5
126,247,4
126,636,1
126,30,4
126,646,2
126,228,1
126,182,3
126,502,4
126,140,5
126,562,5
126,482,4
126,556,1
126,414,1
126,651,4
126,700,3
126,64,1
126,305,4
126,558,5
126,95,4
126,623,3
126,356,2
126,185,4
126,387,4
126,35,1
126,710,2
126,439,4
126,509,3
126,628,5
126,354,2
126,738,1
126,194,1
126,122,1
126,687,5
126,285,5
126,423,5
126,398,4
184,140,1
184,256,1
184,621,5
184,621,4
184,458,4
184,183,3
184,130,5
184,360,1
184,169,1
184,544,5
184,243,2
184,479,1
184,210,1
184,370,1
184,208,1
184,45,4
184,724,2
184,606,4
184,256,2
184,658,5
184,249,4
184,610,3
184,350,4
184,358,3
184,168,2
184,487,5
184,411,5
184,747,1
184,404,1
184,648,4
184,218,4
184,457,4
184,57,4
184,644,3
184,303,1
184,412,5
184,365,2
184,739,2
184,713,3
184,697,2
184,458,3
58,518,4
58,24,5
58,449,5
58,681,1
58,761,4
58,102,2
58,195,3
58,421,5
58,623,3
58,184,5
58,459,1
58,120,2
58,615,4
58,201,5
58,109,2
58,377,1
58,32,3
58,94,1
58,595,3
58,319,1
58,123,5
58,683,1
58,93,5
58,72,5
58,395,3
58,664,2
58,396,4
58,337,4
58,688,1
58,329,4
58,613,1
58,35,3
58,3,1
58,461,5
58,725,2
58,338,5
58,480,5
58,654,5
58,87,4
58,203,5
58,763,3
58,713,1
58,403,4
58,108,4
58,275,3
58,630,3
58,37,4
58,155,4
58,235,2
7,425,1
7,233,3
7,513,4
7,744,3
7,699,4
7,565,4
7,282,2
7,2,2
7,733,1
7,157,4
7,474,3
7,275,2
7,615,5
7,645,4
7,536,3
7,71,3
7,483,2
7,141,2
7,110,5
7,756,2
7,659,4
7,761,4
7,452,2
7,484,1
7,185,2
7,95,5
7,108,4
7,646,5
7,5,2
7,286,4
7,42,2
7,14,1
7,66,3
7,664,1
7,161,5
7,761,4
7,60,4
7,588,4
7,43,3
7,733,2
7,189,1
7,516,1
7,354,1
7,11,2
7,246,3
7,26,4
7,409,3
7,179,1
7,70,3
7,330,1
7,171,2
7,82,3
7,615,4
7,679,5
7,173,4
7,103,1
7,581,1
7,530,2
7,108,4
7,507,5
7,101,1
7,111,5
7,728,3
7,54,4
7,566,3
7,87,3
7,394,5
7,525,5
7,88,3
7,471,5
7,347,3
7,356,4
7,762,4
194,733,1
194,106,4
194,37,3
194,498,2
194,196,4
194,275,3
194,110,2
194,343,2
194,469,4
194,136,3
139,685,3
139,417,3
139,290,3
139,177,1
139,254,3
139,677,1
139,4,2
139,752,2
139,494,2
139,238,1
139,346,1
139,493,2
139,275,5
139,752,3
139,677,3
139,221,5
139,53,5
139,577,4
139,356,4
139,414,5
139,631,5
139,71,3
139,52,1
139,592,1
139,562,4
139,713,3
139,32,1
139,122,2
139,128,5
139,257,2
139,396,3
31,370,2
31,306,3
31,178,4
31,640,3
31,208,2
31,501,5
31,450,5
31,516,4
84,201,5
84,754,4
84,8,1
84,701,4
84,728,3
84,751,2
84,458,1
84,19,3
84,504,1
84,227,4
84,458,1
84,322,5
84,633,2
84,440,4
84,600,1
84,514,4
84,495,5
84,288,1
84,752,5
84,187,1
84,405,1
84,709,4
84,298,5
84,693,5
84,233,2
84,600,4
84,619,3
84,748,5
84,20,4
84,430,5
84,54,3
84,422,1
84,287,1
84,191,3
84,326,4
84,252,2
84,466,2
84,419,3
84,326,2
84,712,3
84,699,2
84,27,1
84,287,4
84,147,1
84,629,3
84,119,3
84,685,4
84,703,5
84,394,5
84,312,4
84,153,4
84,717,1
84,362,3
84,530,4
84,691,5
84,408,5
84,227,1
84,736,2
84,138,1
84,93,2
84,406,2
84,694,5
84,40,3
84,638,3
84,627,3
84,43,2
84,177,5
84,74,4
84,147,1
84,66,4
84,665,2
84,28,5
84,111,1
112,673,4
112,383,1
112,122,5
112,92,4
112,288,4
112,711,1
112,395,3
112,252,3
112,318,5
112,348,3
112,59,4
112,592,2
112,599,5
112,583,2
112,446,2
112,269,3
112,572,4
112,665,5
112,235,5
112,612,3
112,180,2
112,204,2
112,504,1
112,95,3
112,332,5
112,545,1
112,573,2
112,242,3
112,86,2
112,735,2
112,226,2
112,67,3
112,32,4
112,287,5
112,98,1
112,246,3
112,250,4
112,601,5
112,623,3
112,709,1
112,182,4
112,417,2
112,465,2
112,642,2
112,569,4
112,533,4
112,632,1
112,619,4
112,356,1
112,628,3
112,641,2
112,307,5
112,584,2
112,659,1
112,183,1
112,444,1
112,649,3
112,719,3
113,392,5
113,121,2
113,254,3
164,102,3
164,622,1
164,501,2
164,215,3
164,288,2
164,64,2
164,534,3
164,535,5
164,510,1
164,613,2
164,617,5
164,228,5
164,490,3
164,91,3
164,323,4
164,600,1
164,509,4
164,318,5
164,340,5
164,596,2
164,233,1
164,406,2
164,383,2
164,760,4
164,133,4
164,747,1
164,115,5
164,431,2
164,115,4
164,266,2
188,130,3
188,268,1
188,477,2
188,686,4
188,718,1
188,753,5
188,185,2
188,542,4
188,211,5
165,44,2
165,563,1
165,531,3
165,558,1
165,124,4
165,207,2
165,204,2
165,270,3
165,57,3
165,216,1
165,670,3
165,18,5
165,485,4
165,20,4
165,572,2
165,233,3
165,514,5
165,489,1
165,425,5
165,533,3
165,700,2
165,165,1
115,94,1
115,22,5
115,419,1
115,86,1
115,395,1
115,201,2
115,706,2
115,630,1
115,261,1
115,519,4
115,467,5
115,230,5
115,702,2
115,242,1
115,421,5
115,229,3
115,633,3
115,230,3
115,458,1
115,444,3
115,497,2
115,312,3
115,666,3
115,277,2
115,52,4
115,365,3
115,662,3
115,721,2
115,304,3
115,640,5
115,461,1
115,214,2
115,212,4
115,585,1
115,449,2
115,335,4
115,636,3
115,139,1
115,280,4
115,260,4
115,466,1
115,16,1
115,108,2
115,542,4
115,180,1
115,95,3
115,105,1
115,417,4
115,57,4
115,525,3
115,758,5
115,35,1
115,717,4
115,211,1
115,360,3
115,282,5
115,545,4
115,309,3
115,533,3
115,714,2
115,266,1
115,759,1
115,64,3
115,292,4
115,505,1
115,218,5
115,66,5
115,335,5
115,524,2
115,637,4
115,750,5
115,723,2
115,105,2
115,670,5
115,658,3
115,354,4
71,372,3
71,324,5
71,385,2
71,526,3
71,10,3
71,689,2
71,569,1
71,185,2
71,630,3
71,385,4
71,731,1
71,54,1
71,760,3
71,413,1
71,496,5
71,370,1
71,524,1
71,627,1
71,697,2
71,709,3
71,603,3
71,67,3
71,670,4
71,53,3
71,331,3
71,604,4
71,318,4
71,379,4
71,514,3
71,343,5
71,62,5
71,334,3
71,295,4
71,700,4
20,753,5
20,407,2
20,431,5
20,693,2
20,701,5
20,629,1
20,628,2
20,132,1
20,637,4
97,437,4
97,7,5
97,204,5
97,122,4
97,4,5
97,196,4
97,553,3
97,285,4
97,565,1
97,145,3
97,394,1
97,8,2
97,155,1
97,11,1
97,627,4
97,546,1
97,698,2
97,452,3
97,383,2
97,128,5
97,246,1
97,299,5
97,581,5
97,355,1
97,637,5
97,750,1
97,173,3
97,617,2
97,154,3
97,551,1
97,143,3
97,541,1
97,60,2
97,141,2
97,465,5
97,372,2
117,751,3
117,590,4
117,609,1
117,451,5
117,425,2
117,37,4
117,453,1
117,578,1
117,539,2
117,509,1
117,533,1
117,1,5
117,396,2
117,71,3
117,747,1
117,539,1
117,363,5
117,736,2
117,406,4
117,388,4
117,266,5
117,751,3
117,45,5
117,649,5
117,692,3
117,427,5
117,474,1
117,210,3
117,66,4
117,511,5
117,113,1
117,21,5
117,281,5
117,82,1
117,5,5
117,683,4
117,366,3
117,23,5
117,29,5
117,54,1
117,629,1
117,131,4
117,391,5
117,198,4
117,268,1
117,460,4
117,205,2
117,194,1
117,19,2
117,321,4
117,630,4
117,83,1
117,649,3
117,118,1
117,295,3
117,563,5
117,84,2
117,275,1
117,166,5
117,755,4
117,349,3
117,649,4
117,363,3
117,333,5
117,623,1
99,296,2
99,345,4
99,533,1
99,253,1
99,412,1
99,334,4
99,50,4
99,381,1
99,141,4
99,229,4
99,527,2
99,746,4
99,685,2
99,199,5
99,734,1
99,494,4
99,198,2
99,506,3
99,489,2
99,188,2
99,286,5
99,26,4
99,572,3
99,448,4
99,568,3
99,149,5
99,167,3
99,632,1
99,626,1
99,442,5
99,48,2
99,579,5
99,751,2
99,627,3
99,679,3
99,401,5
99,344,5
99,357,3
99,555,5
99,130,5
99,711,2
99,56,2
99,38,2
99,427,5
99,485,4
99,602,3
99,297,5
99,27,1
99,536,5
99,385,4
99,708,5
99,610,2
99,391,1
99,531,5
99,146,1
99,419,5
99,102,4
99,758,1
99,546,3
99,612,4
99,674,1
99,723,4
99,645,5
99,757,1
99,94,5
99,64,1
99,489,5
99,278,4
99,231,5
99,14,4
171,660,4
171,507,2
171,109,5
171,141,3
171,28,2
171,310,4
171,697,1
171,572,3
171,601,1
171,712,2
171,421,5
171,349,4
171,85,3
171,610,1
171,422,1
171,745,3
171,169,4
171,409,3
171,20,5
171,593,1
171,612,4
171,192,3
171,647,2
171,324,5
171,250,5
171,337,2
171,558,4
171,599,1
171,407,1
171,667,4
171,58,1
171,682,4
171,6,3
171,325,2
171,246,2
171,746,5
171,390,4
171,242,1
171,701,2
171,313,1
171,432,1
171,586,1
171,152,1
171,25,2
171,574,3
171,598,2
171,498,1
171,175,1
171,718,4
171,81,5
171,231,5
171,71,3
171,259,5
171,420,5
171,568,2
171,204,4
171,117,1
171,324,2
171,215,1
171,240,4
171,89,3
171,697,2
171,628,5
171,219,5
171,94,1
171,572,3
171,133,2
171,583,3
171,492,3
171,136,3
171,758,3
171,318,5
171,461,1
171,342,1
171,345,5
171,710,5
171,158,1
171,372,5
171,288,2
171,500,3
171,30,2
171,552,4
171,545,5
88,242,4
88,736,5
88,386,2
88,439,3
88,57,4
88,149,4
88,159,4
88,446,2
88,506,4
88,318,3
88,9,4
88,336,5
88,356,4
88,42,5
88,388,1
88,506,5
88,416,4
88,719,2
88,667,3
88,645,2
88,95,5
88,379,5
88,114,3
88,327,2
88,380,4
88,80,1
88,207,3
88,492,1
88,388,5
173,255,1
173,508,3
173,106,5
173,83,5
173,432,3
173,111,3
110,664,1
110,534,4
110,686,1
110,448,2
110,717,1
110,328,3
110,334,4
110,580,5
110,193,4
110,544,3
110,266,3
110,176,2
110,254,2
110,416,1
110,283,4
110,489,1
110,337,2
110,384,3
110,102,1
110,735,1
110,658,3
110,425,2
110,519,5
110,748,2
110,504,3
15,375,4
15,402,1
15,308,2
15,560,5
15,683,1
15,333,2
15,684,4
15,159,5
15,426,2
15,350,3
15,141,5
15,447,5
15,314,3
15,285,4
15,100,1
15,397,5
15,557,4
15,571,4
15,29,4
15,13,5
15,13,2
15,560,5
15,89,1
15,129,3
15,399,4
15,717,1
15,74,4
15,3,1
15,61,4
15,366,3
15,432,2
15,130,3
15,509,4
15,163,4
15,464,5
15,127,5
15,615,4
15,40,5
15,306,2
15,379,4
15,261,5
15,34,3
15,694,3
15,449,4
15,214,1
15,127,3
15,452,1
15,616,5
15,645,4
15,204,5
15,508,1
15,509,1
15,763,2
15,614,3
15,115,4
15,398,4
15,624,5
15,277,5
15,213,3
15,126,4
15,373,4
15,403,2
15,461,3
15,12,1
15,465,4
15,493,5
15,183,2
15,142,1
15,101,4
15,211,5
15,313,5
15,125,1
15,475,4
15,674,1
3,388,1
3,701,2
3,707,4
8,758,1
8,573,1
8,321,4
8,253,5
8,413,5
8,634,4
8,499,2
8,154,2
8,311,2
8,123,5
8,211,3
8,81,5
8,134,1
8,40,2
8,13,5
8,142,1
8,677,2
8,7,3
8,737,4
8,467,4
8,610,3
8,622,1
182,247,3
182,596,5
182,651,4
182,613,3
182,320,2
182,133,1
141,56,3
141,318,1
141,633,2
141,572,4
141,645,3
141,374,1
141,51,3
141,143,1
141,325,3
141,672,2
141,288,4
141,291,4
141,502,4
141,666,3
141,753,4
141,51,3
141,662,3
141,574,1
141,363,4
141,65,2
141,385,1
141,116,1
141,42,5
141,107,5
141,70,1
141,694,3
23,101,4
23,500,3
23,111,4
23,662,2
23,737,4
23,447,2
23,534,2
23,225,2
23,354,1
23,323,2
23,438,4
23,260,5
23,746,1
23,584,5
23,289,5
23,143,3
23,362,1
23,696,1
23,658,4
23,389,1
23,3,5
23,483,4
23,618,5
23,539,2
23,521,2
23,626,4
23,171,5
23,437,5
23,514,5
23,738,5
23,436,4
23,265,3
23,182,5
23,290,3
23,329,5
23,521,2
23,680,1
23,51,3
23,639,2
23,65,1
23,58,4
23,114,1
23,760,1
23,670,1
23,629,2
23,41,4
23,188,2
23,279,3
23,709,4
23,168,2
23,370,1
23,6,3
23,517,5
23,424,5
23,512,3
23,562,1
23,378,1
23,726,4
23,242,4
23,690,4
23,587,4
23,487,1
23,690,5
23,366,3
23,289,1
23,227,4
23,737,3
23,104,5
23,347,1
23,17,5
23,401,1
23,507,4
23,303,3
23,586,1
23,140,1
23,746,4
23,119,5
16,324,2
16,432,1
16,313,3
16,549,2
16,319,1
16,62,5
16,414,3
16,435,5
16,698,1
16,156,3
16,654,2
16,177,1
16,84,1
16,624,3
16,358,4
16,411,5
16,182,1
16,43,4
16,5,5
16,317,1
16,14,4
16,722,5
16,242,2
16,234,5
16,220,2
16,64,2
16,240,2
16,639,5
16,712,4
16,178,2
16,331,4
16,486,2
16,32,1
16,454,1
16,215,5
16,271,2
16,53,5
16,200,3
16,113,2
16,315,1
16,596,3
16,493,4
16,59,2
16,26,1
16,597,3
16,732,5
16,713,5
16,255,1
16,302,4
16,645,3
16,115,5
16,413,3
16,418,1
16,468,1
16,236,5
16,467,1
16,452,3
16,696,1
16,167,4
16,339,1
16,156,5
16,676,2
62,58,4
62,733,5
62,438,2
62,384,1
62,101,5
62,26,1
62,673,4
62,151,1
62,636,1
62,674,3
62,555,3
62,689,2
62,461,5
62,664,2
62,159,3
62,704,1
62,665,3
62,130,2
62,737,3
62,647,2
62,564,4
62,348,2
62,651,4
62,732,5
62,544,5
62,330,5
62,561,4
62,47,5
62,473,3
62,288,2
62,160,4
62,742,5
62,411,3
62,349,1
62,190,3
62,597,2
62,152,4
62,633,1
62,73,1
62,495,5
62,226,2
62,482,5
62,663,3
62,44,5
62,584,1
62,517,3
62,672,4
62,594,1
62,28,1
62,381,4
62,509,2
62,360,2
62,616,5
62,564,4
62,76,4
62,706,5
62,195,5
62,227,5
62,79,3
62,206,1
62,14,5
62,711,4
62,446,4
62,329,2
62,174,1
62,458,1
62,416,2
62,575,3
62,698,3
62,118,3
62,661,2
62,106,5
62,276,3
62,310,3
62,538,3
62,355,4
62,708,2
62,697,4
62,125,2
62,255,5
62,468,2
62,224,1
62,34,3
62,460,2
62,120,4
62,715,1
62,312,4
62,565,3
62,719,2
62,326,1
62,631,1
62,733,2
62,415,2
62,502,2
62,305,5
62,733,2
62,637,3
62,393,2
62,596,5
12,411,1
12,262,2
12,450,1
12,322,2
12,92,1
12,635,2
12,447,5
12,425,3
12,223,4
12,211,1
12,308,4
12,1,5
12,218,5
12,626,1
12,324,2
12,124,5
12,651,3
12,535,1
12,337,4
12,588,1
12,198,5
12,133,1
12,470,2
12,148,5
12,274,2
12,501,1
12,580,1
12,78,5
12,692,5
12,506,1
12,59,5
12,168,4
12,429,1
12,717,5
12,194,2
12,76,2
12,731,1
12,642,5
12,596,1
12,549,1
12,112,3
12,729,2
12,130,2
12,137,4
12,128,5
12,549,4
12,470,3
12,78,2
12,567,2
12,375,5
12,401,2
12,529,2
12,577,3
12,579,3
12,465,5
12,606,5
12,487,5
12,230,3
12,706,2
12,63,4
12,749,3
12,436,2
12,536,2
12,554,2
12,88,2
12,738,4
12,285,1
12,351,4
12,480,1
12,595,1
12,598,4
12,464,2
12,393,1
12,303,1
12,175,3
12,663,3
12,93,5
12,691,4
12,129,4
12,170,4
12,62,5
12,71,4
12,676,4
12,757,4
12,168,1
12,76,1
12,336,1
12,53,4
12,283,4
12,484,1
12,512,5
197,543,1
197,254,2
197,721,4
197,449,1
197,281,4
197,556,3
197,150,2
197,634,3
197,421,2
197,20,1
197,689,1
197,673,2
197,763,4
197,142,2
197,338,3
197,181,1
197,247,3
197,293,3
197,73,5
197,758,4
197,271,4
53,37,5
53,375,4
53,240,3
53,591,4
53,689,5
53,363,1
53,254,5
53,201,1
53,241,4
53,106,4
53,502,2
53,225,1
53,443,2
53,711,1
53,15,4
53,507,5
53,613,4
53,472,3
53,642,4
53,240,1
53,176,5
53,133,1
53,308,3
53,514,3
53,82,2
53,434,3
53,452,4
53,417,1
53,389,3
53,364,1
53,743,1
53,546,1
53,667,1
53,383,3
53,687,5
53,1,2
53,144,3
53,595,1
53,743,1
53,135,3
53,686,1
53,301,3
53,337,2
53,708,5
53,233,5
53,299,1
53,373,1
53,78,4
53,240,4
53,433,1
53,425,2
53,131,3
53,302,4
53,156,5
53,290,5
53,244,1
53,160,3
53,85,4
53,617,5
53,760,4
53,352,3
53,667,1
53,186,1
53,68,2
53,501,1
53,413,2
53,753,3
53,621,4
53,610,5
53,215,1
53,363,3
53,528,1
53,328,2
53,548,3
53,672,5
53,400,5
53,566,4
53,254,3
53,100,3
53,230,4
53,3,5
53,412,2
53,411,2
53,155,3
37,598,4
37,689,1
37,48,3
37,232,4
37,440,4
37,73,1
37,644,1
37,632,5
37,218,5
37,377,2
37,536,1
37,495,4
37,139,4
37,716,5
37,315,1
37,354,4
37,691,1
37,243,3
37,333,3
37,110,2
37,436,4
37,518,1
37,224,2
37,262,2
37,388,4
37,329,2
37,133,4
37,333,5
37,91,4
37,419,2
37,235,4
37,516,5
37,505,2
37,265,1
37,466,1
37,160,4
37,6,1
37,75,5
37,607,1
37,90,3
37,203,2
37,355,5
37,208,4
37,680,1
37,299,2
37,547,1
37,737,4
37,350,3
37,225,4
37,693,5
37,576,2
37,214,5
37,32,4
37,535,1
37,702,3
37,717,4
37,705,3
37,346,2
37,311,4
37,191,2
37,450,2
37,205,3
37,609,3
37,712,5
37,299,2
37,725,4
37,230,2
37,349,2
37,81,4
37,311,1
37,613,2
37,506,1
37,301,1
37,709,3
37,407,3
37,32,4
37,639,1
37,670,4
37,215,4
37,157,3
37,302,4
130,145,5
130,309,3
130,109,2
130,37,2
130,204,3
130,605,2
130,147,4
130,331,3
130,34,4
130,137,5
130,657,5
130,364,3
130,584,4
130,566,4
130,178,2
130,572,3
130,443,5
130,362,1
130,149,4
130,136,3
130,261,2
130,704,5
130,754,3
130,737,3
130,93,4
130,666,1
130,60,3
130,633,1
130,316,3
130,674,2
130,675,5
130,261,4
130,360,3
130,645,4
130,543,3
130,737,4
130,135,1
130,756,3
130,427,1
130,128,3
130,506,3
130,160,5
130,205,4
130,438,1
130,669,2
130,36,5
130,613,5
130,627,4
130,758,1
130,227,4
130,565,4
130,643,5
130,547,1
130,623,2
130,673,3
130,649,5
130,631,1
130,95,4
130,387,5
130,709,3
130,195,2
130,463,3
130,183,2
130,740,4
130,245,3
130,422,4
130,18,3
130,445,4
130,553,3
130,564,1
130,274,2
130,63,4
130,703,2
130,158,4
130,343,1
130,74,4
130,694,3
130,34,1
130,529,4
130,525,4
130,245,4
130,610,2
130,507,5
130,290,1
130,708,1
130,656,3
130,97,4
130,621,1
130,94,2
130,303,1
130,447,5
86,744,4
86,498,4
86,258,3
86,389,5
86,346,4
86,47,3
86,248,2
86,272,3
86,15,4
86,447,5
86,228,2
86,539,2
86,650,2
86,349,5
86,451,4
86,341,1
86,48,5
86,108,4
86,344,4
86,513,5
86,436,4
86,258,3
86,424,4
86,581,3
86,367,5
86,436,1
86,417,5
86,471,2
86,431,4
86,215,3
86,458,2
86,609,3
86,698,2
86,290,1
86,260,3
86,748,1
86,204,1
86,698,4
86,437,5
86,193,5
86,527,2
86,529,4
86,350,2
86,509,4
86,491,1
86,215,5
86,309,3
166,512,4
166,324,4
166,107,4
166,60,2
166,238,5
166,388,5
166,620,1
166,81,5
166,728,2
166,694,3
166,472,3
166,669,5
166,433,2
166,37,5
166,744,1
166,134,2
166,99,1
166,445,2
166,96,4
166,722,2
166,422,2
166,163,3
166,433,4
166,397,5
166,436,3
166,98,2
166,479,1
166,301,3
166,281,2
166,394,1
166,237,3
166,14,4
166,310,2
166,444,3
166,185,1
166,285,5
166,56,1
166,560,5
166,68,3
166,323,4
166,524,2
166,67,2
166,240,2
166,727,3
166,620,4
166,466,1
166,6,5
166,382,4
166,38,1
166,728,1
166,331,1
166,50,2
166,373,1
166,745,4
166,728,3
166,749,5
166,475,3
166,110,3
166,305,3
166,459,3
166,53,2
166,183,1
166,30,5
166,150,2
166,350,1
166,558,1
166,134,5
166,21,2
166,691,1
166,443,2
166,126,3
61,238,5
61,548,3
61,319,4
61,433,1
50,476,2
50,655,3
50,140,4
50,488,2
50,292,4
50,491,1
50,162,4
50,38,2
50,243,5
50,685,2
50,247,5
50,131,1
50,11,3
50,711,5
50,195,5
50,240,5
50,502,4
50,31,1
50,394,4
50,336,4
50,415,5
50,687,1
50,749,2
50,327,2
50,607,1
50,351,1
50,654,5
50,387,4
50,376,2
50,41,1
50,447,1
50,640,2
50,295,4
50,187,3
50,347,2
50,360,3
50,157,5
50,34,4
50,205,1
50,151,2
50,355,5
50,281,3
50,108,5
50,139,3
50,389,2
50,551,3
50,255,1
50,757,4
50,413,1
50,38,4
50,302,1
50,86,4
50,303,2
50,315,1
50,356,4
50,511,1
50,337,2
50,730,4
50,384,5
50,125,2
50,613,2
50,22,4
50,233,1
50,204,5
50,637,1
50,73,1
50,632,1
50,528,4
50,308,1
50,616,1
50,478,1
50,318,3
50,725,2
50,575,2
50,629,2
50,604,5
50,690,5
50,427,5
50,205,3
50,449,3
50,344,1
50,754,4
50,283,3
50,60,4
119,226,2
119,343,5
119,301,2
119,52,5
119,97,4
119,44,2
119,510,1
119,102,5
119,292,5
119,475,4
119,442,4
119,109,4
119,462,2
119,167,4
119,388,1
119,601,4
119,627,5
119,40,5
119,485,1
119,205,3
119,271,3
119,143,4
119,633,4
119,401,2
119,621,4
119,15,3
119,276,5
119,369,3
119,621,1
119,636,1
119,320,4
119,637,5
119,470,3
119,534,3
119,527,3
119,119,5
119,187,3
119,588,5
119,345,3
119,293,3
119,74,1
119,1,2
119,149,2
119,93,4
119,199,2
119,397,2
119,331,2
119,171,2
119,720,1
119,643,5
119,1,1
119,275,5
119,2,3
119,550,4
119,113,5
119,475,3
119,748,5
119,551,5
119,62,5
119,314,5
119,63,4
119,155,1
119,31,2
119,69,2
119,349,1
119,61,4
119,576,1
116,453,2
116,149,2
116,320,5
116,150,2
116,453,5
116,68,4
116,627,2
116,209,1
116,86,4
116,225,2
116,430,5
116,332,2
116,354,1
116,519,1
116,362,3
116,190,2
116,374,3
116,260,4
116,447,1
116,671,4
116,134,3
116,588,2
116,76,4
116,676,2
116,310,5
116,414,2
116,38,5
116,271,5
116,180,5
122,141,1
122,529,2
122,243,2
122,470,5
122,161,4
122,412,1
4,442,3
4,124,4
4,419,3
4,512,1
4,324,4
4,154,4
4,568,5
4,269,3
4,67,3
4,229,1
4,598,5
4,551,3
4,177,3
4,123,5
4,236,1
4,175,5
4,316,1
4,324,5
4,181,5
4,19,1
4,28,4
4,71,5
4,176,5
4,301,1
4,470,4
4,496,1
4,120,4
4,617,1
4,315,3
4,308,1
4,617,4
4,648,4
4,470,1
4,176,4
4,115,4
4,160,5
4,473,5
4,64,2
4,328,2
4,598,3
4,59,4
4,428,1
4,720,5
4,745,5
4,290,2
4,127,5
4,61,3
4,464,5
4,168,5
4,742,1
4,18,1
4,31,1
4,543,2
4,335,3
4,629,3
4,181,2
4,559,1
4,130,1
4,475,5
4,295,1
4,557,4
4,211,3
4,619,4
4,264,2
4,750,1
4,316,4
4,199,1
4,442,4
4,353,2
4,258,2
4,210,2
4,165,5
4,272,2
4,234,2
4,562,5
4,427,1
4,200,2
4,402,1
4,725,1
4,214,5
4,548,5
4,518,5
4,198,5
4,498,5
4,487,2
4,515,5
108,705,5
108,338,2
108,636,5
108,51,3
108,316,2
108,606,3
108,527,2
108,214,2
108,569,2
108,534,1
108,553,4
108,48,3
108,347,1
108,577,4
108,658,5
108,231,5
108,660,1
108,342,4
108,716,2
108,109,2
108,321,1
108,431,4
108,700,2
108,331,3
108,95,1
108,392,5
108,697,3
108,639,3
108,407,4
108,118,1
108,717,4
108,117,2
108,441,4
108,252,4
108,123,2
108,681,1
108,235,2
108,601,2
108,437,1
108,223,5
108,574,3
108,344,2
108,412,4
108,675,1
108,639,3
108,443,5
108,695,3
108,663,1
108,358,1
108,261,4
108,268,1
108,643,1
108,511,2
108,497,5
108,516,4
108,44,4
108,231,4
108,568,1
108,540,5
108,386,5
108,223,3
108,448,1
108,203,2
108,166,4
108,157,4
108,389,3
108,515,2
108,523,1
108,532,5
108,353,4
108,550,5
108,664,2
108,518,1
108,655,4
108,580,1
108,246,4
108,148,3
108,325,4
108,730,4
108,388,3
108,307,3
108,564,3
108,354,2
108,641,2
108,231,1
108,689,4
108,569,3
108,343,3
190,694,3
190,220,5
190,483,2
190,193,2
190,656,2
190,128,5
190,414,5
190,703,4
190,647,4
190,501,1
190,262,5
190,748,1
190,746,3
190,670,5
190,544,4
190,594,3
190,149,3
190,681,3
190,346,2
190,463,5
190,657,3
190,125,3
190,440,1
190,437,1
190,31,4
190,653,3
190,702,5
190,257,4
190,264,2
190,525,3
190,431,1
190,489,4
190,605,2
190,355,3
190,237,1
190,371,3
190,137,3
190,387,2
190,573,2
190,474,2
190,600,5
190,736,1
190,222,3
190,144,4
190,140,4
190,54,4
190,244,1
190,275,4
190,520,3
190,86,4
190,573,2
190,713,2
190,499,5
190,743,5
190,474,2
190,198,4
190,376,3
190,516,1
190,453,1
190,632,1
190,429,1
190,609,4
190,347,4
190,349,1
190,527,4
190,457,3
190,126,2
190,589,4
190,517,2
190,344,5
190,296,3
190,126,1
190,285,1
190,453,3
190,493,4
190,644,3
190,725,3
190,672,4
190,706,1
190,386,2
190,251,2
190,718,3
190,705,1
190,151,3
190,76,2
190,132,4
190,102,2
190,172,2
190,234,2
129,353,5
129,623,5
129,104,5
129,684,2
129,349,3
129,259,3
129,479,1
129,310,5
129,11,3
129,752,5
129,568,1
129,80,1
129,763,1
17,655,4
17,511,5
17,502,1
17,374,3
17,761,1
17,759,5
17,688,2
17,611,4
17,512,1
17,193,4
17,611,1
17,440,2
17,550,2
17,255,4
17,492,4
17,405,1
17,665,1
17,368,2
17,717,3
17,601,5
17,410,3
17,443,3
17,45,5
17,590,3
17,762,3
17,387,3
17,359,4
17,31,2
17,500,3
17,526,3
17,295,1
17,544,1
17,99,2
17,6,3
17,759,2
17,696,5
17,553,3
17,15,5
17,631,2
17,350,5
17,55,5
17,762,2
93,186,1
93,80,4
93,204,3
93,539,4
93,678,2
93,466,4
93,651,4
93,159,1
93,297,5
93,573,1
93,423,4
93,700,5
93,317,2
93,337,3
93,139,1
93,259,1
93,46,1
93,416,3
93,170,4
93,98,1
132,466,5
132,376,2
132,140,3
132,297,5
132,188,1
132,46,4
132,118,1
132,356,2
132,49,5
132,593,3
132,697,1
132,144,1
132,456,5
132,65,2
132,690,2
132,130,2
132,214,4
132,340,3
132,534,1
132,20,2
132,280,3
132,348,5
132,716,1
132,589,1
132,380,4
132,623,1
132,676,3
132,146,5
132,158,5
199,75,4
199,479,5
199,599,5
199,605,1
199,315,4
199,429,5
199,472,2
199,739,1
199,63,3
199,493,3
199,186,3
199,700,1
199,374,2
199,322,1
199,754,4
199,431,1
199,392,3
199,143,1
199,733,4
199,399,2
199,76,2
199,263,1
199,763,3
199,330,5
199,148,4
199,674,5
199,181,4
199,481,5
199,393,3
199,292,4
199,575,4
199,710,4
199,37,1
199,221,5
199,425,4
199,485,5
199,678,3
199,484,5
199,670,2
199,295,4
199,131,2
199,151,4
199,30,4
199,513,2
199,108,3
199,211,5
199,44,2
199,191,2
199,594,4
199,100,1
199,159,2
199,339,1
199,288,4
199,523,3
199,197,4
199,298,2
199,763,4
199,723,1
199,377,3
199,298,3
199,369,4
199,65,5
199,700,2
199,734,1
199,558,4
1,235,5
1,621,4
1,346,4
1,178,1
1,176,4
1,524,3
1,261,4
1,361,5
1,626,5
1,660,4
1,631,3
1,390,5
1,163,2
1,290,2
1,706,2
1,691,4
1,541,5
1,26,4
1,710,2
1,552,2
1,442,3
1,259,5
1,426,2
1,489,1
1,91,1
1,403,4
1,324,1
1,672,5
1,735,1
1,736,2
1,33,1
1,471,3
1,580,1
1,259,3
1,408,1
1,503,1
1,454,5
1,97,4
1,713,3
1,753,5
1,271,5
1,404,4
1,272,3
1,275,1
1,581,4
1,453,4
1,600,2
1,305,5
1,216,1
1,445,5
1,243,2
1,157,5
1,556,4
1,405,1
1,579,4
1,744,4
1,119,5
1,466,5
1,585,5
1,182,3
1,701,2
1,731,1
1,149,2
1,395,4
21,716,5
21,626,5
21,187,4
21,7,5
21,134,2
21,449,2
21,158,3
21,231,4
21,691,4
21,691,4
21,102,3
21,40,4
21,100,1
21,727,1
21,653,3
21,544,2
21,700,1
21,398,1
21,203,2
21,579,3
21,450,4
21,672,5
21,443,5
21,625,5
21,349,4
21,324,1
21,342,3
21,446,5
21,479,3
21,406,4
21,637,3
21,160,3
21,148,4
21,175,4
21,627,3
21,50,3
21,317,4
21,230,3
21,79,2
21,181,5
21,220,1
21,224,4
21,534,5
21,440,1
21,660,2
21,567,3
21,592,4
21,738,2
21,276,3
21,686,3
21,583,3
21,300,4
21,519,3
21,376,3
21,241,1
21,564,1
21,389,2
21,282,2
21,524,5
21,159,5
21,33,3
21,22,5
21,222,4
21,501,4
21,424,5
21,340,2
21,44,3
21,436,5
21,719,2
21,588,4
21,200,1
21,693,5
21,572,4
21,270,5
21,351,4
21,162,2
21,339,1
21,579,2
21,468,2
21,616,1
21,144,3
21,621,5
21,270,5
21,7,4
21,2,2
44,456,4
44,50,3
44,620,5
44,654,2
44,676,1
44,645,4
44,467,4
44,232,5
44,195,5
44,269,5
44,744,1
44,105,4
44,318,3
44,359,3
44,207,5
44,230,5
44,290,1
44,537,2
44,551,3
44,210,3
44,681,3
44,76,3
44,580,3
44,699,1
44,209,1
44,567,2
44,686,5
44,654,4
44,72,1
44,263,2
54,77,2
54,644,4
54,457,5
54,95,3
54,393,4
54,122,5
54,394,1
54,540,5
54,178,4
54,399,3
54,571,1
54,114,1
54,696,2
54,343,4
54,359,1
54,559,2
54,399,4
54,464,4
54,107,5
54,144,4
54,339,3
54,515,3
54,220,4
54,26,3
54,355,3
54,134,2
54,400,3
189,462,3
189,183,3
189,20,3
189,12,5
189,14,1
189,289,2
189,739,4
189,395,3
189,449,3
189,616,4
189,374,4
189,278,3
189,179,4
189,288,1
189,408,5
189,101,2
189,58,3
189,692,5
189,582,1
189,393,1
189,29,5
189,398,1
189,194,2
189,656,2
189,381,2
189,6,4
189,464,5
189,690,1
189,569,1
189,534,2
189,345,3
189,54,3
189,623,1
189,419,3
189,672,4
189,282,4
189,703,3
189,501,4
189,299,2
189,753,3
189,281,4
189,580,4
189,180,5
189,339,4
189,235,1
189,103,1
189,562,2
189,269,2
189,262,1
189,462,2
189,633,2
189,652,4
189,687,1
189,573,1
189,668,5
189,497,3
189,317,2
189,282,5
189,464,2
189,299,1
189,2,1
10,367,2
10,540,5
10,241,5
10,441,4
10,759,2
10,13,1
10,390,5
10,219,3
10,415,4
10,642,2
10,403,5
10,703,3
10,394,4
10,81,3
10,298,2
10,416,2
10,650,4
10,716,2
10,3,5
10,678,3
10,377,2
10,492,5
10,447,1
10,277,1
10,463,1
10,369,4
10,183,2
28,4,2
28,153,1
28,318,3
28,750,3
28,726,4
28,299,1
28,145,5
28,260,2
28,572,3
28,110,5
28,562,2
28,573,5
28,755,3
28,314,5
28,200,4
28,628,5
28,711,5
28,272,1
28,641,4
28,487,3
28,454,4
28,322,5
28,343,5
28,648,3
28,673,1
28,474,4
28,233,1
28,702,3
28,567,4
28,302,2
28,99,2
28,420,1
28,329,1
28,92,1
28,696,1
28,659,2
28,394,3
28,239,5
28,129,3
28,691,5
28,660,1
28,432,3
28,167,3
28,654,3
28,77,2
28,357,5
28,670,4
28,79,4
28,270,1
28,341,2
28,540,5
28,246,5
28,508,4
28,214,4
28,436,3
28,375,3
28,598,2
28,577,1
28,571,3
28,331,2
28,300,1
83,228,2
83,73,3
83,69,3
83,272,1
83,653,3
83,636,4
83,104,2
83,225,3
83,516,4
83,217,4
83,170,3
83,204,5
83,596,5
83,160,1
83,377,3
83,354,3
83,207,2
83,20,2
83,552,5
83,191,3
83,442,2
83,50,5
83,251,3
83,320,2
83,526,2
83,89,5
83,317,5
83,225,5
83,507,3
83,621,2
83,500,3
83,146,1
83,522,1
83,692,2
83,351,5
83,425,3
83,145,1
83,138,3
83,440,4
83,450,5
83,346,3
83,658,2
83,220,3
83,199,2
83,730,1
83,143,3
83,701,2
83,360,1
83,731,1
83,611,5
83,590,1
83,688,1
83,694,5
83,108,3
83,394,1
83,360,5
66,406,2
66,435,2
66,511,2
66,249,2
66,528,2
66,223,1
66,404,1
66,480,3
66,268,1
66,496,4
66,411,5
66,758,5
66,119,5
66,197,3
66,26,2
66,203,5
66,470,3
66,526,1
66,720,2
66,335,2
66,562,5
66,187,4
66,202,2
66,109,2
66,58,4
66,1,5
66,142,3
66,654,1
66,731,1
66,158,5
66,682,5
66,395,1
66,431,3
60,754,2
60,459,3
60,380,2
60,75,5
60,735,3
60,410,2
60,464,1
60,650,2
60,247,1
60,193,3
60,734,3
60,363,2
60,440,5
60,746,1
60,251,5
60,423,2
60,511,4
60,254,1
60,490,2
60,526,5
60,651,1
60,67,1
60,734,5
60,391,4
60,465,4
60,240,4
60,75,3
60,614,1
60,169,1
60,670,1
60,316,3
60,279,4
60,357,2
60,189,5
60,502,4
60,159,5
60,60,5
60,442,3
60,261,5
60,700,1
60,721,5
60,253,3
60,748,2
60,49,5
60,681,5
60,675,4
60,389,1
60,235,4
60,336,4
60,70,2
60,376,4
60,602,5
60,745,4
60,399,3
60,143,1
60,411,5
60,226,3
60,152,4
60,729,1
60,266,3
60,480,3
60,131,3
60,102,4
60,144,4
60,721,2
60,683,5
60,175,1
60,405,5
60,76,5
60,51,3
60,191,4
60,465,2
60,671,5
60,194,3
60,90,5
60,536,5
60,417,3
60,105,2
60,24,1
60,539,2
60,676,4
60,150,3
60,678,2
60,309,1
60,198,5
60,171,5
60,711,4
60,549,2
60,10,1
60,481,4
148,229,4
148,198,3
148,634,3
148,523,2
148,493,3
148,440,5
148,430,3
148,511,1
148,547,4
148,587,1
148,14,2
148,275,2
148,541,5
148,403,5
148,155,2
148,408,2
148,727,4
148,566,3
148,542,3
148,582,2
148,594,4
148,521,4
148,167,4
148,413,3
148,512,1
148,451,4
148,696,2
148,285,1
148,683,5
148,481,1
148,55,1
148,731,4
148,690,5
148,396,5
148,21,5
148,447,4
148,431,4
148,505,2
148,101,5
148,418,2
148,225,2
148,560,4
148,634,1
148,296,5
148,47,5
148,534,1
148,328,3
148,108,4
148,303,5
148,232,5
148,630,1
148,151,2
148,105,2
148,682,3
148,411,4
148,577,2
148,358,4
148,712,3
148,45,4
148,632,2
148,703,2
148,371,4
148,379,3
148,246,2
148,346,2
148,650,3
148,259,4
148,342,1
148,139,3
148,206,2
148,543,1
148,694,2
148,727,3
148,603,4
148,762,1
148,54,3
148,188,5
148,713,1
148,649,2
148,158,5
148,416,4
148,705,3
87,565,3
87,419,3
87,261,3
87,91,2
87,609,3
87,452,3
87,461,1
87,227,3
87,371,4
87,162,2
87,290,3
87,12,4
87,657,2
87,626,4
87,123,5
87,467,1
87,503,5
87,705,2
87,592,4
87,335,3
87,490,1
87,481,4
87,376,4
87,122,2
87,530,4
87,529,5
87,637,1
87,722,5
87,151,2
87,196,1
87,310,2
87,591,2
87,125,4
87,58,4
87,556,4
87,109,5
87,360,5
87,628,3
87,172,4
87,510,5
87,362,1
87,638,3
87,259,3
87,315,1
87,386,2
87,109,4
87,94,4
87,372,1
87,658,3
87,245,5
87,87,5
87,225,2
87,481,3
87,473,5
87,71,3
87,440,5
87,76,5
87,537,4
87,306,5
87,352,2
87,94,1
87,234,4
87,175,3
87,110,4
87,106,4
87,53,3
87,35,3
87,47,5
87,673,1
87,367,5
87,356,4
87,493,4
87,432,4
87,351,1
87,458,4
87,39,5
87,654,5
87,407,1
87,544,3
87,192,3
87,430,1
87,99,3
87,104,1
87,146,3
87,412,1
87,223,2
87,606,4
87,547,1
87,113,1
87,671,4
87,472,4
87,278,5
87,646,2
87,271,1
87,247,1
128,427,4
128,648,3
128,50,4
128,439,1
128,258,5
128,387,5
128,279,1
128,693,2
128,727,2
128,709,5
128,587,4
128,608,3
128,398,2
128,86,1
128,661,1
128,552,1
128,478,5
128,388,2
128,205,3
128,44,1
128,181,4
128,634,4
128,665,1
128,243,5
128,632,1
128,296,2
128,128,2
128,483,4
128,714,2
128,130,5
128,702,2
128,440,2
128,381,3
128,508,4
128,590,4
128,377,5
128,550,3
128,680,4
128,441,1
128,66,2
102,183,4
102,46,1
102,110,1
102,388,3
102,532,5
102,101,5
102,340,2
102,414,3
102,534,5
102,136,1
102,559,1
102,599,2
102,260,2
102,542,3
102,272,2
102,534,2
102,406,3
102,511,5
102,68,5
102,730,5
102,719,1
102,10,3
102,450,2
102,92,3
102,206,3
102,447,2
102,481,2
102,573,5
102,135,3
102,229,4
102,695,4
102,493,5
102,722,3
102,212,1
102,113,3
102,430,2
102,543,3
102,596,2
102,280,4
102,370,3
102,595,2
102,511,1
102,639,3
102,720,3
102,220,2
102,413,3
102,212,2
102,655,5
102,70,1
102,604,4
102,170,4
102,627,1
102,375,2
102,26,3
102,8,1
102,128,3
102,368,2
102,60,1
102,100,2
102,329,1
102,224,3
102,703,4
102,19,1
102,224,2
102,61,4
102,534,3
102,573,2
102,346,5
102,583,1
102,68,5
102,712,1
33,317,5
33,577,2
33,755,5
33,601,2
33,391,5
33,233,2
33,620,2
33,317,2
33,22,2
33,348,2
33,139,1
33,237,3
33,510,1
33,13,2
33,154,5
33,109,5
33,271,2
33,31,2
33,468,4
33,699,3
33,603,4
33,209,4
33,337,4
33,22,1
33,278,2
33,128,2
33,262,3
33,191,1
33,746,2
33,538,5
33,70,2
33,646,1
33,162,2
33,514,5
33,590,5
33,198,3
33,15,3
33,382,1
33,272,1
33,659,4
33,590,5
33,468,3
33,51,5
33,574,1
33,722,4
33,529,4
33,239,4
33,201,1
33,450,5
33,514,1
33,246,4
33,594,3
33,305,4
33,115,3
33,349,3
33,249,2
33,450,3
33,185,4
33,320,2
33,258,4
33,232,1
33,589,3
33,136,3
33,293,2
33,443,2
33,53,2
33,32,1
98,200,2
98,758,4
98,542,1
98,175,4
98,713,3
98,564,2
98,354,2
98,323,5
98,678,2
98,417,5
98,188,5
98,475,3
98,213,5
98,72,5
98,192,3
98,87,4
98,294,5
98,100,4
98,361,2
98,473,4
98,147,2
98,37,5
98,342,4
98,275,5
98,507,3
98,682,3
98,634,1
98,174,2
98,582,1
98,681,5
98,12,5
98,111,5
98,439,2
98,231,1
98,208,4
98,531,5
98,495,2
98,549,4
98,719,2
98,124,3
98,461,2
98,202,3
98,706,3
98,206,2
98,727,3
98,204,4
98,598,2
98,255,1
98,331,1
98,213,2
98,184,3
98,201,4
98,571,4
98,136,1
98,732,3
98,341,4
98,484,3
98,265,3
98,407,5
98,402,5
98,603,3
98,257,3
98,582,5
98,124,2
98,264,2
98,630,2
98,29,5
98,412,1
98,197,4
98,75,1
98,565,5
98,44,3
98,291,3
98,494,1
98,305,4
98,14,1
98,653,3
98,596,1
98,724,3
98,690,4
98,208,5
98,191,5
98,142,1
98,429,1
98,590,1
98,43,3
98,241,4
98,329,3
98,117,4
98,211,1
98,711,3
98,708,4
98,282,1
98,738,4
98,397,1
98,231,2
98,687,3
98,553,2
98,575,1
98,697,1
52,61,3
52,575,5
52,170,4
52,669,3
52,646,3
52,367,5
52,596,2
52,162,3
52,469,3
52,417,2
52,365,5
52,53,5
52,299,3
52,440,1
52,719,1
52,644,3
52,87,4
52,89,1
52,208,5
52,404,1
52,463,1
52,97,3
52,180,5
52,64,2
52,279,5
52,279,2
52,39,5
52,529,2
52,515,4
52,539,1
52,551,4
52,747,3
52,439,2
52,570,4
52,328,1
52,283,5
52,536,1
52,361,1
52,92,4
52,651,1
52,613,1
52,8,5
52,52,5
52,137,4
52,383,3
52,92,1
52,439,3
52,177,1
52,521,3
52,287,5
52,89,3
52,25,5
52,704,4
52,615,2
52,456,1
52,498,2
52,747,5
52,484,3
52,620,4
52,31,3
52,138,2
52,505,4
52,66,2
52,353,4
52,268,5
52,201,5
52,696,2
52,435,3
52,35,5
52,190,2
52,363,3
52,283,3
52,728,3
52,301,3
52,584,4
52,671,2
52,575,2
52,714,5
52,512,1
52,530,4
52,43,4
52,276,4
52,741,5
52,392,1
52,545,1
52,624,4
52,361,1
52,307,4
52,529,5
52,740,4
52,105,1
52,761,2
52,225,1
52,590,5
52,22,1
52,751,5
52,574,2
52,262,4
105,635,2
105,192,1
105,384,1
105,520,5
105,572,3
105,163,3
105,281,5
105,353,1
105,223,4
105,117,4
105,276,1
105,538,4
105,318,4
105,140,2
105,562,5
105,71,2
105,324,1
105,114,5
105,675,2
105,601,1
105,730,5
105,628,2
105,221,4
105,63,1
105,422,4
105,275,1
105,649,4
105,649,5
105,539,2
105,693,3
105,674,4
105,739,5
105,186,2
105,280,1
105,212,4
105,61,3
105,159,1
105,34,5
105,576,3
105,346,5
105,426,3
105,601,1
105,174,2
105,553,1
105,709,2
105,626,5
105,291,4
105,225,5
105,81,5
105,12,3
105,252,3
105,560,3
105,149,2
105,354,2
105,52,4
105,232,5
105,105,4
105,675,4
105,32,4
47,508,3
47,352,3
47,168,4
47,752,2
47,23,1
47,182,5
47,573,5
47,374,4
47,8,2
47,217,4
47,762,3
47,435,3
47,77,3
47,429,3
47,78,2
47,419,2
47,642,5
47,307,4
47,698,3
47,653,1
47,650,2
47,135,4
47,468,4
47,123,3
47,579,1
47,607,3
47,64,4
47,565,2
47,337,4
47,526,4
47,434,4
19,123,4
19,95,3
19,588,1
19,389,2
19,185,3
19,306,3
19,640,4
19,111,2
19,47,2
19,374,2
19,356,4
19,35,2
19,259,2
19,691,1
19,211,3
19,204,5
19,761,1
19,98,2
19,478,1
19,350,1
19,422,4
19,239,2
19,676,2
19,209,5
19,233,2
19,173,3
19,633,1
19,665,3
19,40,3
19,195,4
19,494,2
19,128,3
19,441,5
19,134,3
19,272,3
19,339,1
19,333,5
19,128,4
19,390,5
19,534,3
19,427,3
19,299,3
19,697,5
19,291,3
19,179,5
19,621,4
19,556,4
19,266,2
19,706,1
19,64,3
19,420,1
19,631,1
19,421,1
19,11,2
19,608,5
19,337,3
19,122,4
19,603,4
19,652,1
19,753,5
19,320,3
19,53,1
19,43,2
19,348,1
19,21,5
19,336,1
19,313,2
19,507,3
19,226,5
19,533,2
19,580,5
19,569,1
19,607,5
19,675,3
19,639,2
19,347,1
19,120,3
19,344,1
19,398,2
19,713,1
19,416,1
19,704,3
19,429,4
19,692,2
19,506,3
19,44,4
19,670,3
19,129,2
19,645,2
19,392,2
24,125,5
24,675,4
24,320,3
24,75,3
24,710,4
24,28,5
24,369,5
24,405,4
24,378,3
24,717,2
24,492,4
24,134,4
24,63,4
24,256,3
24,53,3
24,123,2
24,72,3
24,368,5
24,299,4
24,130,5
24,683,4
24,740,5
24,84,5
24,320,5
24,714,4
24,534,4
24,395,4
24,669,3
24,383,2
24,76,2
24,39,5
24,720,5
65,670,3
65,75,4
65,390,3
65,177,2
65,34,5
65,502,1
65,181,3
65,349,3
65,483,3
65,382,5
65,259,2
65,11,4
65,681,5
65,409,1
65,676,4
65,608,5
65,539,2
65,512,4
65,48,3
65,717,2
65,530,1
65,409,5
65,440,1
65,510,2
65,87,2
65,652,5
65,555,4
65,387,4
65,409,4
65,674,4
65,662,3
65,344,5
65,184,2
65,459,1
65,94,5
65,453,3
65,366,2
65,738,4
65,136,4
65,633,5
65,188,1
65,732,3
65,296,2
65,558,3
65,583,1
65,419,1
65,237,3
143,42,2
143,94,4
143,346,2
143,110,3
143,395,1
143,461,3
143,373,1
143,714,5
143,40,1
143,257,1
143,81,5
143,737,4
143,19,1
143,192,1
143,434,5
143,27,5
143,574,3
143,288,1
143,665,3
143,571,1
143,362,5
143,144,4
143,480,3
143,153,3
143,520,3
143,168,5
143,181,5
143,362,1
143,716,2
143,347,1
143,283,2
143,175,2
143,587,1
143,664,2
143,693,5
143,335,2
143,195,2
143,311,4
200,706,3
200,557,5
200,179,4
200,305,2
200,636,2
200,76,2
200,631,3
200,500,1
200,643,1
200,733,4
200,281,1
200,454,5
200,108,5
200,178,5
200,346,2
200,4,5
200,538,1
200,724,5
200,12,1
200,303,4
200,537,3
200,191,2
200,81,3
200,230,5
200,621,1
200,671,2
200,136,1
200,739,2
121,473,2
121,649,3
121,733,4
121,66,1
121,78,2
121,335,1
121,745,4
121,438,2
121,409,5
121,258,5
121,757,5
121,487,2
121,204,2
121,678,5
121,452,5
121,719,1
121,133,1
121,675,2
121,315,4
121,426,2
121,245,2
121,161,1
121,168,2
121,338,5
121,381,3
121,719,1
121,295,5
121,349,2
121,671,5
121,694,4
121,12,5
121,74,4
121,67,4
121,500,1
121,595,1
121,33,4
121,644,3
121,353,4
121,533,1
121,668,5
121,519,5
121,741,1
121,220,5
121,485,4
121,704,1
121,573,1
121,169,2
121,700,2
121,682,5
121,481,5
121,459,4
121,120,3
121,669,2
121,590,3
121,722,3
121,577,2
121,424,3
121,344,5
121,29,2
121,633,3
121,194,2
121,206,5
121,568,1
121,472,1
121,257,2
121,446,5
121,32,4
121,186,1
69,762,4
69,505,5
69,431,2
69,672,3
69,405,5
69,305,1
69,70,4
69,152,3
69,53,2
69,324,5
69,323,1
69,475,3
69,268,2
69,182,3
69,238,1
69,431,2
69,395,4
69,138,2
69,423,3
69,736,2
69,494,2
69,595,2
69,676,3
69,571,5
69,646,3
69,75,3
69,574,3
69,562,2
69,426,1
69,755,1
69,691,3
69,559,1
69,393,3
69,418,2
69,369,4
69,559,5
69,582,1
69,705,3
69,527,3
69,455,1
69,115,1
69,101,2
149,120,3
149,404,1
149,4,5
149,158,2
149,47,4
149,142,2
149,343,5
149,56,1
149,294,5
149,80,4
149,25,5
149,751,5
149,232,4
149,747,2
149,216,3
149,687,2
149,273,1
149,272,5
149,94,4
149,654,3
149,701,3
149,715,1
149,556,2
149,508,4
149,42,5
149,393,5
149,361,3
149,684,3
149,423,1
149,442,2
104,527,4
104,14,3
104,263,5
104,253,5
104,221,4
104,287,3
104,543,2
104,294,1
104,508,1
104,743,4
104,401,1
104,588,1
104,462,4
104,626,3
104,183,1
104,511,4
104,465,5
104,247,1
104,246,3
104,53,5
104,360,3
104,314,3
104,678,2
104,20,2
104,450,1
104,718,5
104,554,3
104,112,2
104,705,4
104,464,1
104,90,5
104,383,1
104,706,5
104,59,5
104,631,1
104,51,1
104,696,2
104,483,2
104,127,4
104,55,1
104,22,4
104,138,3
104,219,3
104,343,4
104,412,5
104,217,4
104,667,1
104,467,5
104,474,1
104,754,2
104,387,4
104,644,5
104,587,3
104,402,3
104,132,3
104,365,5
104,712,4
104,204,2
104,322,1
104,559,3
104,591,5
104,345,2
104,735,1
104,585,1
104,122,1
104,579,4
104,409,2
104,587,2
104,467,3
104,623,4
104,758,5
104,262,2
104,378,2
104,323,4
104,258,2
104,77,3
104,26,3
104,302,5
104,581,4
104,339,5
104,453,3
104,395,1
104,641,3
104,699,4
104,510,3
104,117,5
104,149,4
104,635,4
104,114,1
104,226,3
104,60,1
104,633,3
104,64,2
104,94,3
104,255,1
104,187,2
104,611,4
104,111,1
104,460,5
104,346,2
13,310,2
13,358,5
13,35,2
13,118,3
13,401,3
13,445,2
13,753,4
13,485,1
13,224,1
13,183,5
13,456,2
13,474,2
13,299,3
90,562,4
90,386,5
90,702,5
90,658,4
90,494,1
90,566,1
90,255,5
90,519,3
90,717,3
90,159,1
90,194,5
90,340,4
90,660,4
90,314,2
90,416,5
90,382,3
90,763,3
90,216,4
90,438,2
90,678,4
90,435,5
90,149,4
90,496,4
90,568,2
90,129,4
90,472,4
90,365,3
90,296,4
90,469,2
90,36,4
90,394,1
90,99,2
90,740,1
90,610,1
90,751,4
90,95,3
90,140,3
90,679,3
90,248,5
90,527,2
90,526,1
90,234,5
90,524,3
90,654,2
90,173,3
90,5,4
90,659,1
90,428,1
90,716,2
90,138,2
90,323,2
90,316,4
90,52,2
90,539,1
90,424,1
90,332,2
90,721,3
90,681,2
90,146,5
90,531,5
90,667,1
90,507,2
90,284,4
90,187,3
90,235,3
90,570,2
90,578,2
90,319,1
90,702,2
48,40,1
48,515,4
48,684,4
48,614,5
48,547,1
48,577,5
48,481,1
48,741,4
48,734,4
48,579,4
48,373,5
48,45,3
48,26,2
48,8,4
48,64,2
48,531,2
48,529,2
48,295,4
48,353,1
48,213,1
48,119,1
48,150,1
48,707,3
48,369,4
48,571,5
48,699,3
48,542,2
48,401,3
48,71,3
48,113,5
48,722,1
48,260,3
48,673,5
48,71,5
48,366,3
48,228,5
48,497,5
48,676,1
48,357,2
48,602,3
48,184,5
48,226,3
48,730,3
48,664,4
48,592,2
48,297,4
48,325,2
48,126,2
48,599,1
48,226,3
48,637,4
48,534,4
48,657,3
48,68,5
48,557,3
48,607,3
48,346,5
48,473,3
48,746,5
48,103,1
48,415,3
48,189,5
48,458,3
48,602,5
48,418,4
48,390,4
48,259,1
48,732,2
48,254,2
48,65,3
48,194,2
48,460,1
48,353,3
48,12,5
48,227,2
48,499,2
48,678,1
48,724,2
48,80,1
48,239,2
48,241,5
48,224,3
48,102,3
168,294,2
168,98,5
168,211,1
168,72,1
168,170,4
168,683,1
168,296,3
168,249,1
168,334,2
168,161,4
168,467,1
168,562,4
168,577,5
168,295,1
168,2,1
168,590,2
168,303,1
168,252,4
168,534,5
168,596,2
82,447,5
82,65,2
82,192,5
82,26,3
82,411,3
82,324,2
82,67,2
82,307,4
82,134,5
82,280,2
82,606,4
82,20,3
82,262,2
82,508,1
82,362,4
82,430,2
82,105,5
82,326,3
82,669,1
82,418,2
82,328,1
82,540,2
82,412,2
82,529,2
82,461,5
82,55,4
82,320,4
82,405,5
82,683,3
82,563,5
82,289,3
82,225,1
82,152,4
82,724,4
82,263,1
82,363,1
82,495,5
82,718,3
82,423,1
82,139,2
82,698,1
82,406,3
82,613,2
82,70,4
82,200,4
82,754,4
82,368,2
82,228,5
82,520,3
82,88,4
82,300,2
82,175,2
82,540,1
82,185,5
82,235,2
82,714,5
82,318,1
82,14,4
82,708,1
82,209,2
82,242,1
82,478,4
82,90,5
82,297,4
82,1,3
82,652,1
82,464,5
82,484,5
82,286,3
82,579,3
82,288,2
82,221,2
82,665,3
82,154,3
82,759,1
82,517,2
82,683,5
118,364,1
118,455,2
118,754,3
118,277,2
118,570,4
118,684,5
118,518,2
118,655,3
118,51,2
118,756,2
118,369,3
118,412,3
118,679,2
118,742,5
118,645,2
118,297,1
118,556,4
118,155,2
118,30,1
118,741,1
118,743,1
118,165,2
118,393,2
118,726,1
118,281,5
118,90,1
118,499,2
118,687,2
118,561,5
118,462,1
118,234,4
118,179,4
118,474,1
118,251,5
118,317,4
118,509,5
118,202,5
118,163,3
118,509,2
118,375,1
118,535,3
118,82,3
118,227,5
118,551,1
118,176,3
118,669,5
118,241,2
118,346,4
118,578,5
118,285,5
118,553,2
118,304,5
118,383,5
118,196,4
118,580,1
118,227,4
118,159,2
118,23,3
118,165,4
118,384,3
118,355,4
118,628,5
118,364,4
118,453,1
118,9,2
118,1,3
118,421,5
118,495,5
118,594,4
118,743,4
118,118,2
118,169,5
118,498,1
118,102,1
118,137,5
118,217,4
118,528,2
103,383,4
103,13,4
103,13,1
103,90,5
103,350,2
103,618,3
103,544,3
103,267,3
103,689,5
103,443,5
103,380,4
103,690,3
103,45,2
103,440,3
103,657,1
103,397,5
103,51,1
103,600,3
103,243,4
103,273,5
103,45,1
103,658,3
103,218,1
103,736,2
103,444,2
103,129,1
103,265,5
103,682,5
103,290,1
103,222,2
103,500,1
103,545,3
103,238,4
103,154,4
103,746,5
103,548,4
103,244,4
103,440,2
103,437,5
103,653,5
103,400,2
103,556,5
103,84,3
103,126,5
103,645,3
103,149,1
103,635,1
103,435,2
103,706,1
103,46,4
103,473,4
103,89,3
103,527,2
103,630,3
103,151,2
94,28,5
94,655,2
94,618,1
94,63,2
94,233,4
94,624,1
94,182,3
94,446,2
94,302,1
94,354,5
94,17,1
94,536,5
94,321,4
94,59,1
94,257,1
94,110,5
94,134,5
94,19,3
162,189,2
162,581,5
162,536,1
162,587,1
162,263,5
162,663,3
162,191,3
162,272,3
162,513,4
162,344,1
162,596,2
162,410,5
162,390,4
162,634,3
162,365,4
162,35,5
162,124,1
162,301,3
162,528,2
162,239,5
162,555,3
162,643,4
162,149,4
162,486,3
162,244,3
162,719,1
162,121,3
162,414,2
162,77,4
162,748,2
162,564,2
162,609,4
162,35,3
162,356,2
162,425,3
162,174,4
162,301,4
162,508,1
162,508,5
162,653,4
162,519,1
162,351,5
162,198,3
162,264,3
162,566,4
162,259,4
162,186,5
162,69,4
162,678,1
162,272,5
162,661,2
162,197,5
162,371,3
162,307,5
162,234,5
162,294,2
162,267,3
162,492,5
162,70,3
162,724,2
162,643,3
162,389,1
162,368,5
162,455,1
162,14,1
162,589,3
162,548,5
162,609,1
162,461,2
162,635,1
162,534,1
162,513,3
162,696,3
114,94,1
114,763,3
114,683,3
114,270,5
114,650,2
114,501,1
114,517,3
114,51,4
114,679,1
114,328,2
114,560,5
114,710,2
114,118,5
114,261,3
114,130,5
114,584,1
114,47,5
114,476,4
114,121,3
114,294,3
114,225,4
114,615,1
114,118,5
114,749,5
114,629,2
114,448,2
114,117,2
114,388,1
114,504,4
114,105,2
114,411,2
114,75,3
114,112,4
114,99,5
114,306,5
114,430,2
114,452,2
114,457,2
114,338,1
114,206,4
114,567,5
114,677,3
114,537,2
114,724,1
114,391,5
114,101,5
114,710,3
114,28,3
114,40,3
114,734,3
114,189,2
114,669,2
114,54,1
114,407,2
114,437,4
114,709,5
114,488,2
114,505,3
114,578,3
114,47,5
114,339,5
114,576,1
114,341,5
25,431,1
25,536,3
25,240,4
25,44,4
25,261,3
25,87,5
25,407,3
25,13,3
25,407,4
25,646,3
25,710,5
25,100,5
25,137,4
25,149,1
25,663,1
25,45,5
25,131,4
25,698,3
38,373,3
38,4,3
38,287,4
38,608,3
38,422,1
38,354,4
38,604,2
38,363,2
38,507,2
38,420,5
38,566,2
38,361,1
38,188,3
38,194,4
38,15,2
38,519,2
38,43,1
38,514,1
38,132,2
38,354,1
38,528,1
38,265,3
38,154,3
38,477,3
38,483,1
38,367,3
38,396,5
38,158,5
38,720,2
38,195,4
38,338,2
38,78,2
38,142,4
38,741,3
38,242,4
38,519,2
38,289,4
38,738,4
38,514,3
38,393,2
38,86,3
38,559,3
38,80,2
38,742,2
38,722,4
38,41,3
38,587,2
38,37,2
38,254,1
38,660,4
38,229,3
38,179,1
38,466,5
38,189,3
38,687,4
38,551,5
38,462,2
38,655,4
38,233,5
38,347,2
38,342,5
38,410,1
135,539,3
135,214,5
135,346,4
135,212,4
135,232,5
135,578,4
135,671,3
135,181,1
135,757,2
135,643,5
135,751,3
135,369,2
135,479,2
135,630,3
135,123,3
135,177,1
135,707,1
135,469,5
135,512,1
135,281,4
135,86,3
135,14,2
135,18,1
135,344,3
135,228,4
135,435,1
135,137,5
135,654,1
135,64,1
135,466,1
135,294,2
135,645,4
135,20,4
135,642,3
135,209,4
135,314,3
135,577,5
135,234,2
135,211,1
135,125,3
135,88,3
135,520,3
135,133,4
135,729,2
135,331,1
135,763,3
135,755,4
135,344,1
135,69,4
135,705,3
135,567,3
135,728,1
135,422,3
135,30,1
135,243,1
135,302,4
135,355,3
135,181,2
135,531,3
135,107,1
135,293,3
135,418,2
135,580,5
135,423,5
135,712,1
135,597,1
135,680,1
135,133,4
135,762,2
135,384,4
135,293,2
135,450,2
135,299,5
135,602,5
135,439,4
135,163,1
135,580,3
135,47,5
135,288,2
135,116,3
135,365,2
135,323,4
135,634,4
135,252,2
135,265,2
135,326,4
135,437,2
135,14,5
135,406,1
135,32,3
135,501,5
135,480,2
135,581,4
135,184,5
135,280,2
135,188,3
135,296,3
135,662,2
74,148,5
74,403,3
74,530,4
74,255,1
74,343,3
74,163,2
74,271,3
74,576,4
74,77,2
74,45,3
74,183,4
74,108,2
74,354,4
74,5,3
74,331,5
74,194,1
74,124,2
74,171,5
74,78,1
74,119,4
74,484,2
74,569,3
74,445,2
74,305,3
74,584,1
74,461,5
74,234,4
74,3,5
74,539,5
74,207,4
74,301,3
74,283,5
74,434,4
74,429,2
74,341,1
74,517,5
74,552,5
74,673,2
74,199,1
74,315,5
74,57,1
74,127,3
74,559,2
74,623,1
74,253,2
74,25,1
74,689,5
74,518,4
74,363,5
74,639,2
74,388,3
74,373,4
74,125,4
74,499,5
74,329,3
74,320,2
74,20,4
74,52,2
74,97,1
74,525,2
74,665,3
74,358,2
74,418,5
74,684,2
74,527,3
74,213,1
74,637,4
74,282,5
74,461,1
74,567,5
74,113,4
74,159,5
74,688,2
74,452,2
74,201,1
74,376,1
74,134,3
74,564,4
74,171,5
74,373,2
74,691,3
74,513,3
74,311,3
74,677,5
74,698,1
74,266,5
74,291,2
74,402,1
32,614,4
32,567,4
32,288,4
32,193,4
32,188,1
32,13,4
32,425,4
136,538,4
136,678,5
136,596,2
136,396,4
136,647,3
136,489,1
136,323,2
136,549,5
136,202,3
136,320,2
136,27,5
136,95,1
136,679,5
136,750,1
136,13,5
136,300,3
136,708,4
136,89,2
136,28,2
136,350,5
136,76,5
136,152,2
136,761,3
136,296,5
136,558,1
136,166,5
136,443,4
136,663,1
136,533,3
136,685,4
136,293,3
136,545,2
136,138,4
136,568,1
136,9,1
136,31,1
136,379,3
136,239,4
136,653,2
136,275,2
136,81,5
136,452,3
136,692,4
136,230,3
136,296,4
136,284,1
136,577,1
136,664,5
136,64,1
136,250,1
136,103,2
136,212,4
136,755,5
136,544,3
136,582,5
136,747,1
136,632,4
136,91,5
136,455,1
136,571,4
136,682,5
136,256,3
136,50,5
136,559,4
136,73,4
136,486,4
136,129,3
136,675,4
136,254,1
136,65,5
136,730,4
136,362,5
136,120,5
136,331,4
136,642,2
136,435,3
136,623,5
136,336,3
136,259,4
136,217,3
136,282,1
136,421,5
136,418,3
136,672,2
136,472,4
136,624,5
136,278,3
136,295,3
136,567,4
136,332,4
136,139,5
136,228,2
136,234,4
136,346,1
136,80,2
136,41,3
136,209,1
136,35,3
136,547,5
35,528,4
35,729,3
35,178,4
35,20,5
35,603,2
35,230,3
35,7,2
35,755,5
35,125,1
35,239,5
35,626,2
35,236,1
35,99,4
35,77,2
35,350,5
35,142,1
35,418,1
35,304,1
35,130,5
35,642,3
35,405,1
35,727,4
35,166,1
35,13,2
35,457,4
35,659,3
35,602,3
35,564,2
35,544,1
35,735,4
35,674,5
35,696,4
35,196,2
35,618,5
35,348,2
35,595,5
35,349,5
35,605,2
35,358,2
35,446,1
35,649,2
35,69,5
35,721,1
35,38,4
35,571,3
174,636,1
174,441,2
174,662,2
174,315,3
174,445,2
174,546,3
174,329,3
174,123,4
174,606,5
174,740,2
174,384,4
76,451,4
76,372,5
76,661,2
76,289,1
76,33,2
76,179,4
76,370,3
76,288,5
76,157,1
76,185,4
76,486,2
76,635,1
76,5,5
76,231,2
76,408,3
76,179,4
76,269,5
76,497,4
76,435,1
76,407,2
76,708,4
76,482,5
76,141,1
76,441,3
76,269,5
76,646,4
76,311,4
76,666,3
76,10,5
76,376,4
76,554,5
76,243,3
76,35,4
76,611,2
76,173,3
76,198,1
76,608,2
76,687,5
76,468,5
76,651,2
76,148,2
76,361,5
76,503,3
76,450,5
76,127,4
76,322,1
76,510,3
76,96,5
76,268,5
76,158,2
76,736,4
76,539,2
76,712,5
76,194,3
76,687,4
72,652,1
72,35,5
120,718,2
120,539,3
120,92,3
120,292,1
120,558,2
120,137,3
120,683,2
120,16,3
120,649,5
40,23,3
40,114,4
40,674,1
40,282,3
40,615,3
40,625,5
40,710,4
40,463,3
40,236,2
40,369,1
40,554,1
40,96,3
40,17,2
40,136,4
40,31,2
40,423,4
40,194,4
40,40,1
40,41,5
40,153,2
40,763,4
40,185,3
40,491,5
40,128,4
40,93,3
40,140,1
40,167,1
40,163,2
40,520,3
40,522,3
40,366,3
40,500,4
40,47,5
40,8,5
40,241,2
40,163,4
40,397,2
40,514,2
40,287,3
40,49,2
40,402,3
40,507,5
40,243,2
40,628,4
40,682,3
40,196,2
40,116,5
40,15,1
40,344,3
40,59,2
40,220,1
40,621,1
40,533,2
40,517,1
40,290,2
40,215,3
40,356,1
40,545,4
40,103,3
172,158,4
172,708,5
172,619,2
172,709,2
172,525,4
172,390,3
172,12,1
172,417,2
172,117,1
172,333,1
172,41,5
172,27,1
172,438,5
172,499,5
172,645,5
172,486,1
172,5,5
172,428,5
172,634,5
172,10,2
172,109,2
172,648,3
172,63,3
172,50,5
172,184,1
172,209,3
172,234,5
172,38,2
172,465,2
172,730,2
172,514,3
172,129,4
172,311,1
172,85,3
172,125,5
172,572,2
172,97,4
172,191,3
172,72,1
172,44,1
172,507,5
172,70,5
172,280,3
172,315,2
172,1,5
172,700,5
172,108,2
172,278,4
172,467,3
172,490,2
172,565,2
172,34,2
172,596,4
187,752,2
187,298,3
187,423,5
187,122,3
187,303,5
187,37,1
187,367,5
187,194,4
187,17,2
187,497,5
187,604,4
187,591,4
187,639,5
187,743,2
187,428,2
187,463,1
187,693,5
187,142,4
187,101,5
187,752,4
187,75,4
187,507,3
187,493,1
187,269,2
187,741,1
187,729,4
187,84,3
187,201,4
187,410,5
187,330,5
187,377,2
187,312,5
187,667,3
187,24,4
187,175,1
187,85,5
187,172,4
187,452,1
187,244,4
187,689,1
63,188,4
63,607,4
63,651,3
63,131,3
63,559,1
63,580,1
63,417,4
63,122,2
63,672,5
63,468,5
63,94,1
63,678,3
63,729,4
63,755,2
63,426,5
63,88,5
63,283,4
63,215,4
63,422,1
63,292,5
63,496,5
63,137,1
63,720,4
63,521,2
63,610,4
63,583,1
63,668,2
63,731,1
63,457,2
63,565,3
91,705,1
91,180,3
91,633,2
91,127,4
91,474,4
91,633,4
91,500,4
91,292,1
91,51,5
91,671,2
91,74,2
91,590,5
91,273,1
91,475,1
91,734,2
91,410,2
91,676,2
91,102,4
91,291,1
91,380,1
91,100,2
91,74,3
91,691,3
91,745,3
91,732,2
91,591,5
91,693,2
91,203,3
91,426,1
91,54,5
91,422,1
91,489,1
91,607,4
91,310,5
91,191,2
91,118,3
91,319,2
91,379,4
91,53,2
91,146,3
91,95,4
91,144,3
91,551,2
91,344,4
91,505,5
91,645,4
91,724,1
91,155,1
91,195,4
91,463,4
91,241,2
91,422,3
91,359,4
91,715,4
91,734,4
91,210,4
91,566,2
91,293,2
100,592,3
100,15,1
100,248,2
100,274,1
100,647,4
100,125,2
100,736,4
100,713,3
100,477,2
100,254,5
100,163,5
100,449,2
100,607,3
100,667,5
100,654,5
100,160,5
100,444,4
100,479,3
100,7,3
100,218,3
100,495,4
100,583,1
100,183,1
100,628,1
100,614,4
100,466,2
100,47,5
100,102,5
100,515,2
100,146,2
100,419,1
100,732,5
100,301,1
100,560,1
100,225,3
100,377,5
100,246,3
100,387,5
100,629,4
100,529,4
100,61,3
100,327,1
100,719,5
100,459,4
100,187,2
100,517,4
100,332,5
100,100,2
100,180,1
100,283,1
100,95,3
80,168,3
80,458,1
80,578,1
80,750,3
80,567,1
80,69,3
80,371,5
80,6,1
80,531,2
80,405,1
80,658,4
80,393,2
80,62,1
80,363,2
80,335,2
80,695,5
80,272,4
80,192,2
80,559,4
80,87,3
80,613,4
80,458,4
80,261,2
80,73,3
80,224,1
80,90,4
80,136,3
80,19,4
80,366,5
80,546,2
80,236,1
80,516,1
80,141,3
80,257,4
80,540,4
80,706,3
80,723,4
80,13,4
80,582,3
80,253,2
80,707,4
80,463,5
195,673,4
195,511,5
195,535,1
195,710,2
195,410,1
195,144,3
195,528,2
195,241,1
195,292,2
195,36,5
195,705,3
195,428,4
95,186,1
95,652,4
95,112,2
95,450,3
95,426,1
95,523,2
95,176,2
95,632,2
95,249,5
95,143,1
95,182,2
95,753,4
95,369,3
95,763,5
95,662,2
95,538,5
95,636,5
95,213,4
95,55,5
95,587,4
137,406,3
137,484,2
137,142,1
137,317,1
137,264,5
137,143,4
137,244,2
137,210,1
137,345,1
137,168,3
137,466,5
137,667,2
137,731,3
137,720,2
137,711,3
137,241,3
137,391,5
137,69,5
137,305,4
137,361,2
137,52,1
137,432,3
137,638,1
137,109,5
137,10,2
137,407,4
137,354,1
137,662,4
137,368,1
137,695,1
137,728,3
137,258,4
137,599,3
137,53,4
137,375,5
137,222,2
137,671,2
137,115,3
137,117,1
137,596,3
137,59,3
137,46,2
137,468,1
137,700,1
137,743,3
137,176,4
137,691,3
137,742,4
137,547,1
137,211,5
137,124,2
42,77,3
42,731,1
42,370,5
42,106,2
42,114,4
42,310,1
42,698,4
42,74,4
42,345,3
42,321,1
42,403,1
42,318,2
42,336,1
42,505,3
42,159,1
42,647,3
42,672,2
42,389,3
42,347,1
42,216,1
42,494,4
42,592,1
42,304,4
42,282,4
42,568,4
42,179,1
42,388,5
42,306,1
42,30,5
42,466,4
42,202,5
42,302,1
42,433,3
42,80,3
42,565,4
42,548,4
42,26,1
42,671,3
42,470,5
42,439,3
42,608,3
42,427,3
42,147,2
42,635,2
42,671,5
42,621,3
42,414,5
42,408,2
42,458,4
42,304,3
42,447,2
42,306,4
42,200,2
42,736,1
42,760,5
42,661,3
42,521,3
42,516,4
42,136,1
42,589,1
42,711,1
42,106,2
42,69,2
42,726,5
42,720,2
42,617,5
42,82,1
42,554,3
42,757,4
42,649,3
42,435,5
42,396,4
42,267,5
42,563,3
42,158,1
42,626,4
42,81,5
42,601,4
42,698,3
42,324,2
42,181,2
42,763,2
42,3,5
42,709,4
42,416,1
42,551,4
42,678,1
42,436,4
42,53,3
9,244,3
9,760,1
9,263,2
9,742,4
9,188,3
9,716,1
9,179,5
9,497,5
9,406,3
9,743,1
9,178,2
9,267,3
9,35,2
9,549,5
9,264,4
9,202,4
9,596,4
9,62,2
9,565,5
9,665,3
9,692,3
9,506,2
9,335,4
9,255,1
9,575,2
9,20,1
9,81,4
9,541,4
9,297,5
9,2,2
9,739,1
9,279,3
9,146,5
9,714,3
9,181,4
9,122,5
9,750,1
9,695,3
9,361,4
9,105,1
9,56,1
9,685,5
9,297,2
9,756,5
9,674,2
9,100,2
9,547,4
9,476,1
9,130,4
9,230,2
9,605,5
9,349,3
9,413,1
9,17,2
9,52,1
9,508,1
9,482,4
9,435,1
140,628,2
140,576,4
140,316,3
140,357,3
140,22,1
140,205,2
140,235,2
140,678,2
140,659,3
140,185,5
140,726,1
140,499,2
140,76,3
140,749,5
140,742,5
140,354,2
140,677,4
140,703,5
140,263,2
140,336,5
140,182,5
140,307,4
140,332,2
140,4,3
140,545,4
140,369,5
140,679,1
145,266,2
145,675,2
145,689,4
145,259,4
145,127,2
145,710,4
145,674,2
145,480,3
145,414,3
145,59,3
145,570,5
145,87,2
145,556,5
145,10,5
145,738,1
145,553,2
145,248,3
145,521,1
145,306,3
145,356,4
145,234,3
145,570,4
145,267,2
145,319,2
145,656,1
145,1,1
145,459,1
145,94,1
145,390,3
145,324,3
145,702,5
145,331,1
145,547,3
145,147,2
145,340,1
145,517,4
145,385,2
145,156,3
145,532,1
145,666,3
145,201,5
145,129,2
145,89,4
145,287,2
145,334,5
145,584,5
145,394,5
78,305,3
78,96,2
78,253,3
78,708,5
78,704,5
78,351,2
78,94,2
78,666,3
78,94,5
78,565,4
78,302,4
78,169,4
78,613,3
78,64,2
78,472,4
78,694,4
78,51,2
78,242,3
78,527,4
78,73,5
78,444,2
78,305,3
78,387,4
78,85,3
78,695,1
78,167,3
78,75,5
78,181,5
78,284,4
78,253,1
78,449,2
78,18,5
78,662,1
78,426,3
78,88,5
78,102,3
78,181,1
78,641,3
78,12,4
78,511,4
78,204,3
78,699,3
78,630,1
78,636,1
78,182,2
78,248,1
78,247,2
78,528,2
78,574,3
78,335,2
78,228,3
78,260,3
78,466,5
78,731,1
78,165,3
78,621,1
78,558,3
78,571,2
78,574,3
78,492,2
78,122,1
78,626,1
78,313,1
78,384,3
78,523,2
78,262,3
78,422,5
78,329,2
78,709,4
78,174,4
78,329,1
78,735,5
78,273,2
78,88,2
78,750,3
78,366,1
78,698,2
78,148,3
78,655,3
78,693,1
78,739,5
78,218,1
152,613,5
152,505,1
152,550,4
152,467,2
152,684,1
152,145,4
152,671,4
152,729,3
152,28,5
152,203,1
152,371,4
152,258,4
152,524,2
152,680,3
152,343,2
152,98,1
152,69,4
152,693,4
152,310,2
152,502,2
152,330,4
152,492,1
152,317,3
152,97,4
152,218,3
152,51,3
152,520,5
152,500,3
152,192,2
152,532,3
152,31,5
152,249,4
152,731,4
152,350,2
152,560,1
152,103,2
152,421,1
152,406,4
152,319,1
152,755,5
152,474,4
152,119,5
152,398,3
152,285,1
152,325,1
152,761,5
152,429,2
152,584,3
152,273,1
152,410,5
152,95,1
152,126,3
152,248,4
152,325,5
152,309,2
152,219,5
152,185,5
152,23,1
152,88,1
152,691,5
36,692,5
36,749,1
36,50,1
36,349,5
36,17,5
36,52,2
36,58,5
36,365,1
36,235,5
36,489,1
36,689,5
36,104,4
36,359,1
36,547,3
36,642,1
36,586,2
36,102,4
36,477,2
36,424,3
36,81,5
36,452,5
36,723,1
36,265,4
36,403,5
36,347,1
36,57,4
36,143,1
36,458,3
36,702,1
36,317,1
36,70,4
36,109,5
36,185,2
36,314,3
36,63,3
36,149,2
36,183,4
36,753,4
36,485,1
36,47,1
36,167,1
36,209,4
36,53,4
36,553,2
36,701,3
36,146,3
36,659,5
36,629,5
36,597,5
36,257,5
36,660,5
36,731,4
36,143,2
36,146,3
36,714,1
36,129,5
36,33,1
36,651,5
36,62,2
36,312,4
36,311,2
36,134,5
36,111,5
36,283,2
36,663,4
36,631,3
36,115,3
36,263,5
36,511,5
36,518,3
36,166,2
36,545,4
36,728,4
36,549,2
36,463,1
36,750,5
36,681,1
36,691,5
36,516,5
36,659,3
36,429,1
36,589,5
36,491,4
36,70,4
36,614,1
36,702,3
36,217,4
134,277,4
134,703,4
134,507,5
134,542,1
134,182,5
134,289,3
134,283,3
134,500,3
134,57,4
134,330,5
134,218,1
134,251,2
134,225,2
134,144,3
134,446,2
134,33,3
134,420,4
185,670,3
185,664,2
185,117,5
185,586,2
185,759,3
185,29,3
185,580,1
185,39,3
185,243,1
185,386,4
185,155,2
185,756,1
185,53,4
185,636,2
185,305,3
185,511,3
185,376,3
185,334,2
185,660,3
185,614,2
185,356,4
185,225,3
185,706,1
185,690,4
185,93,4
185,695,3
185,502,1
185,473,4
185,403,2
185,156,2
185,662,1
185,634,4
185,663,5
185,222,5
185,650,3
185,154,5
185,478,5
185,319,3
185,543,3
185,200,3
185,725,4
185,338,1
185,544,4
185,61,3
185,83,3
185,385,1
185,31,2
185,621,1
185,724,4
185,475,3
185,539,3
185,573,2
185,30,1
185,464,5
185,563,4
14,43,5
14,438,3
14,433,1
14,518,3
14,62,4
14,362,2
14,123,4
14,636,5
14,664,3
14,183,1
14,605,2
14,442,2
14,389,3
14,299,3
14,5,3
14,411,3
14,67,1
14,473,4
14,473,4
14,515,3
14,709,4
14,339,3
14,150,3
14,671,3
14,147,3
14,11,4
14,334,1
14,518,4
14,22,3
14,676,3
14,144,5
14,373,4
14,603,5
14,100,5
14,607,2
14,49,2
14,36,1
14,61,1
14,40,5
14,130,2
14,502,5
14,646,4
14,173,1
14,280,2
14,3,4
14,505,3
14,78,1
14,423,4
14,669,4
14,681,5
14,689,4
14,145,2
14,758,3
14,116,2
14,327,1
14,9,4
14,49,3
179,121,2
179,407,2
179,407,3
179,598,4
179,253,4
179,491,1
179,565,2
179,20,4
179,569,2
179,525,4
179,675,4
179,628,2
179,347,5
179,84,4
179,754,1
179,573,5
179,245,5
179,426,1
179,673,5
179,35,3
179,210,1
179,650,4
179,517,2
179,468,3
179,582,1
179,14,1
179,422,4
179,181,4
179,410,2
179,91,1
179,599,3
179,331,4
179,234,2
179,384,5
179,576,2
179,383,2
179,463,5
179,131,3
179,246,2
179,629,2
179,198,2
179,96,2
179,255,1
179,704,1
179,166,3
179,344,1
179,538,4
179,456,2
179,439,4
179,549,5
179,620,3
179,653,1
179,191,2
179,605,2
179,674,4
179,494,4
179,427,4
179,38,4
179,437,2
179,261,1
179,522,4
179,650,5
179,6,4
179,427,2
179,500,5
179,465,3
179,686,4
179,81,1
179,468,3
179,205,5
179,97,4
179,129,3
179,696,3
179,682,5
179,379,5
179,578,2
179,85,1
179,686,1
179,674,1
179,654,1
179,374,5
2,283,4
2,444,4
2,665,5
2,462,5
2,480,1
2,355,1
2,561,2
2,651,1
2,315,3
2,722,4
2,454,5
2,294,4
2,251,5
2,550,1
2,290,4
2,588,5
2,66,1
2,406,4
2,538,5
2,275,1
2,401,1
2,550,5
2,289,3
2,761,4
2,532,5
2,423,5
2,252,3
2,165,4
2,324,1
2,489,1
2,95,4
2,507,3
2,233,5
2,416,2
2,722,4
2,610,1
2,505,2
2,132,1
2,389,5
2,467,5
2,260,5
2,88,3
2,359,4
2,644,1
2,420,4
2,381,4
2,568,3
2,18,1
2,543,2
2,570,4
2,191,5
2,258,3
2,352,5
2,365,2
2,669,4
2,190,1
2,672,1
2,461,1
2,461,2
2,504,5
2,603,5
2,528,3
2,103,4
2,302,4
2,83,2
2,74,5
2,70,1
2,303,1
2,95,2
2,618,1
2,148,5
2,51,1
2,577,4
2,689,4
2,258,5
2,692,4
2,368,5
2,317,2
2,535,4
2,93,3
2,279,2
2,555,3
2,66,1
2,234,5
2,258,5
2,631,5
2,670,1
2,125,4
2,161,2
2,70,2
124,356,3
124,87,1
124,55,2
124,27,3
124,720,4
124,21,2
124,429,3
124,189,4
124,448,4
124,605,1
124,48,2
124,551,2
124,193,1
124,699,5
124,89,1
124,86,3
124,432,3
124,682,4
124,58,3
124,211,4
124,72,5
124,543,2
124,578,5
124,467,5
124,25,1
124,619,5
124,602,4
124,673,5
124,246,1
124,160,4
156,651,2
156,578,5
156,657,3
156,480,1
156,619,3
156,584,4
156,230,4
156,468,3
156,624,3
156,92,4
156,132,3
156,179,2
156,43,1
156,368,2
156,15,1
156,517,2
156,603,4
156,536,3
156,484,2
156,437,1
156,487,5
156,124,2
156,428,4
156,210,4
156,64,5
156,563,4
156,720,1
156,198,1
156,77,1
156,453,5
156,555,1
156,363,2
156,382,4
156,220,4
156,448,2
150,36,4
150,742,5
150,750,2
150,354,3
150,593,4
150,95,3
150,646,4
150,19,2
150,155,5
150,499,3
150,264,2
150,364,4
85,567,3
85,532,3
85,36,3
85,342,3
85,62,2
85,525,2
85,350,3
85,140,1
85,221,2
85,210,3
85,503,1
85,464,2
85,236,1
85,56,2
85,665,5
85,49,1
85,644,4
85,62,5
85,240,3
85,434,5
85,609,4
85,733,1
85,589,1
85,729,4
85,610,4
85,239,1
85,35,3
85,734,5
85,702,3
85,599,3
85,466,5
85,218,3
85,277,5
85,279,5
85,439,4
85,671,4
85,224,1
85,109,2
85,602,3
85,486,1
85,378,4
85,235,1
85,61,1
85,590,4
85,323,4
85,636,5
85,508,3
85,648,1
85,387,4
85,162,5
85,25,3
85,733,4
85,587,1
85,119,5
85,317,4
85,438,5
85,564,3
85,313,1
85,583,1
85,746,3
85,657,5
85,335,3
85,234,1
85,460,4
85,32,4
85,205,2
85,704,3
85,213,3
46,56,3
46,497,5
46,453,4
46,211,5
46,161,4
46,239,2
46,293,3
46,165,5
46,82,2
46,752,1
46,408,2
46,508,4
46,666,5
46,363,5
46,586,3
46,392,1
46,235,2
46,61,3
46,298,2
46,690,3
46,182,3
46,199,4
46,363,5
46,23,5
46,534,4
46,634,2
46,247,5
46,351,5
46,348,2
46,749,2
46,659,3
46,14,5
46,87,1
46,229,3
46,248,2
46,617,4
46,430,5
46,572,3
46,430,2
46,660,1
46,171,4
46,760,4
46,522,2
46,65,4
46,95,2
46,210,2
46,593,2
46,368,5
46,341,5
46,55,2
46,725,1
46,120,4
46,345,3
46,20,3
46,85,5
46,313,1
46,59,5
46,79,3
46,365,3
46,314,3
46,742,4
46,455,4
46,651,4
46,695,4
46,69,5
46,71,5
46,728,5
46,153,5
46,40,2
46,478,3
46,41,2
46,397,4
46,719,3
46,277,5
46,201,1
46,291,4
46,78,2
158,66,4
158,183,5
158,460,5
158,625,1
158,76,1
158,224,1
158,307,2
158,441,5
158,325,5
158,480,3
158,2,5
158,12,1
158,544,2
158,211,5
158,659,2
158,568,1
158,509,2
158,340,4
158,53,3
158,186,5
158,547,5
158,609,2
158,157,1
158,685,4
158,464,2
158,329,2
158,646,5
158,284,2
158,291,5
158,378,3
158,597,1
158,383,3
158,304,4
158,135,3
158,15,4
158,422,2
158,444,3
158,281,3
158,446,3
158,658,3
158,360,1
158,306,1
158,639,3
158,347,3
158,244,5
158,758,3
158,285,1
158,130,5
158,700,4
158,568,1
158,495,3
158,615,5
158,282,2
158,177,3
158,495,4
158,192,3
158,570,4
158,419,4
158,355,1
158,706,2
158,369,5
158,417,3
158,638,3
158,147,4
158,80,2
158,742,2
158,437,2
158,340,1
158,384,2
158,9,2
158,563,5
158,426,1
158,483,4
158,653,3
158,661,1
158,46,1
158,234,5
158,360,5
158,447,1
158,509,3
158,733,1
158,561,3
92,615,5
92,521,3
92,185,3
92,135,3
92,348,4
92,252,5
92,307,3
92,539,3
92,247,4
92,235,1
92,505,5
92,717,4
92,295,2
92,248,3
92,457,3
92,89,3
92,332,3
92,542,5
92,664,1
92,337,1
92,343,3
92,600,3
92,97,2
92,500,4
92,326,4
92,497,2
92,567,5
92,438,2
92,681,1
92,523,1
92,720,5
92,459,3
92,267,4
92,589,4
92,154,3
92,329,3
92,447,5
92,475,5
92,9,3
92,172,3
92,756,5
92,528,5
92,626,2
92,337,4
92,218,2
92,649,4
92,6,2
92,520,3
92,577,5
92,635,2
92,276,3
92,206,4
92,103,4
92,637,3
92,302,4
92,594,3
92,617,5
92,73,1
92,382,5
92,338,5
92,749,1
92,22,4
92,426,5
92,3,5
92,471,3
176,539,4
176,142,5
176,449,2
176,603,5
176,293,5
176,744,1
176,115,1
176,394,2
176,739,2
176,736,4
176,579,2
176,613,4
153,730,1
153,542,3
153,475,1
153,665,4
153,321,2
153,266,1
153,6,3
153,711,5
153,12,2
153,763,2
153,114,1
153,168,5
153,419,1
153,40,5
56,535,3
56,368,2
56,369,3
56,308,2
56,369,2
56,565,5
56,593,3
56,342,1
56,170,4
56,659,5
56,446,4
56,437,5
56,55,3
56,759,2
56,677,5
56,140,3
56,599,2
56,138,4
56,523,2
56,454,3
56,511,3
56,224,4
56,455,1
56,352,1
56,168,1
56,241,3
56,285,2
56,224,4
56,381,2
56,321,4
56,58,5
56,200,1
56,322,2
56,187,1
43,199,3
43,341,1
43,507,1
43,365,5
43,595,3
43,9,3
43,66,2
43,519,1
43,380,5
43,457,2
43,302,3
43,651,4
43,755,1
43,164,4
43,388,4
43,685,1
43,668,3
43,236,3
43,43,2
43,594,5
43,688,1
43,696,2
43,367,1
43,176,4
43,270,3
43,626,4
43,374,1
43,486,5
43,28,5
43,657,3
43,761,4
43,455,5
43,179,2
43,226,5
43,620,3
43,298,1
43,22,1
43,530,4
43,735,3
43,398,5
43,492,2
43,564,2
43,703,1
43,439,2
43,32,1
43,544,4
43,627,4
43,610,3
43,661,1
43,379,5
43,91,5
43,421,3
89,337,1
89,80,1
89,318,4
89,203,5
89,557,2
89,735,4
89,577,5
89,400,4
89,576,3
89,125,2
89,693,2
89,54,5
89,386,2
89,47,1
89,80,4
89,450,1
89,471,4
89,62,4
89,115,1
6,436,1
6,184,1
6,283,2
6,360,3
6,715,3
6,277,3
6,421,1
6,506,3
6,177,4
6,98,4
6,29,2
6,111,2
6,682,1
6,51,1
6,74,1
6,424,2
6,66,5
6,44,1
6,724,5
6,136,4
6,710,3
6,243,2
6,717,1
6,434,5
6,427,1
6,322,2
6,576,1
6,76,4
6,70,4
6,94,5
6,48,2
6,84,5
6,750,3
6,67,4
6,235,2
6,352,1
6,543,2
6,303,4
6,180,3
6,257,5
6,98,3
6,682,4
6,588,5
6,234,4
6,59,4
6,487,4
6,173,3
6,317,2
6,132,4
6,25,4
6,532,4
6,722,4
6,333,2
6,564,3
6,466,4
6,692,3
6,60,4
6,260,2
6,30,3
170,242,1
170,748,3
170,454,4
170,158,5
170,549,5
170,211,3
170,368,5
170,96,5
170,259,1
170,558,3
170,335,3
170,442,3
170,592,4
170,375,5
170,139,5
170,624,3
170,456,1
170,27,2
170,432,4
170,203,2
170,617,3
170,623,5
170,211,5
170,703,2
170,503,2
170,684,2
170,545,3
170,174,1
170,675,3
170,24,4
170,751,5
170,45,4
170,662,3
170,264,4
170,555,5
170,99,3
170,608,2
170,419,2
170,510,2
170,410,5
170,204,2
170,473,5
170,428,4
170,537,3
170,547,4
170,315,4
170,464,1
170,173,1
34,546,4
34,620,1
34,510,4
34,296,3
34,509,2
34,692,3
34,15,3
34,637,3
34,717,3
34,492,3
34,393,3
34,160,4
34,209,2
34,115,2
34,427,4
34,188,3
34,87,3
34,111,4
34,630,4
34,167,3
34,633,1
34,373,5
34,615,2
34,129,5
34,242,4
34,366,4
34,420,2
34,408,1
34,68,4
5,611,4
5,94,5
5,364,5
5,592,3
5,716,2
5,6,2
5,387,5
5,561,4
5,234,2
5,175,5
5,468,1
5,83,3
5,3,2
5,754,5
5,467,4
5,522,1
5,643,2
5,41,1
5,372,2
5,31,1
5,460,2
5,148,2
5,199,2
5,47,1
5,509,1
5,285,2
5,497,1
5,136,1
5,470,2
5,707,4
5,541,5
5,165,2
5,548,3
5,91,3
5,403,4
5,397,4
5,352,2
5,497,2
5,164,5
5,645,4
5,596,2
5,389,4
5,348,4
5,298,1
5,199,1
5,481,2
5,389,2
5,326,4
5,260,1
5,231,3
5,106,4
5,685,4
5,758,1
5,17,1
5,444,4
5,183,4
5,331,4
5,544,5
5,394,3
5,95,4
5,359,5
5,126,3
5,638,4
5,186,4
5,504,3
5,679,2
5,100,5
5,117,3
5,335,3
5,9,2
5,150,4
5,752,2
5,393,1
5,161,4
5,534,4
5,167,2
5,313,3
5,208,4
5,382,5
5,255,1
5,196,2
5,422,1
5,684,3
5,255,3
5,88,1
5,665,4
5,382,2
5,371,3
5,157,5
5,479,3
5,404,2
5,633,1
142,574,4
142,469,3
142,346,1
142,78,4
142,753,3
142,281,4
142,244,3
142,127,1
142,741,1
142,263,4
142,592,2
142,521,1
142,460,4
142,722,3
142,216,4
142,756,2
142,161,2
142,154,2
142,602,3
142,94,3
142,47,1
142,502,1
142,305,2
142,619,3
142,327,2
142,618,4
49,600,2
49,562,5
49,421,1
49,255,5
49,527,4
49,324,1
49,380,4
49,397,2
49,671,3
49,76,1
49,85,4
49,440,1
49,329,2
68,349,4
68,116,1
68,498,4
30,699,2
30,8,3
30,334,3
30,521,2
30,504,2
30,327,2
30,98,3
30,499,1
30,359,1
30,83,3
30,343,2
30,312,3
30,739,5
30,26,3
30,659,5
30,742,1
30,345,2
30,2,4
30,148,5
30,426,4
30,238,4
30,613,5
30,516,1
30,425,2
30,756,5
30,319,1
30,184,1
30,131,5
30,237,3
30,328,4
30,97,4
30,580,4
30,305,4
30,507,4
30,713,3
30,608,1
30,598,2
30,275,1
30,28,5
157,216,4
157,534,5
157,24,3
157,593,3
157,570,3
157,341,3
157,385,1
157,745,3
157,442,2
157,602,1
157,360,5
157,119,4
157,484,5
157,750,5
157,417,4
157,435,4
157,422,3
157,422,1
157,170,3
157,169,5
157,659,2
157,521,5
157,539,3
157,553,1
157,515,1
157,91,3
157,755,5
157,410,5
157,34,2
157,410,2
157,613,1
157,454,3
157,136,2
157,409,5
157,709,5
157,721,1
157,313,4
157,684,4
157,285,1
157,438,3
157,760,5
157,529,5
157,165,3
157,151,4
157,187,2
157,36,5
157,420,5
157,619,4
157,243,2
157,169,5
157,748,3
157,401,1
157,333,2
157,272,2
157,48,2
157,104,4
157,98,2
157,538,3
157,666,3
157,56,4
157,268,2
157,219,5
157,571,5
157,476,4
157,200,2
157,514,2
157,582,3
157,725,1
157,268,1
157,93,4
157,577,4
157,758,2
157,390,4
157,383,1
157,701,5
157,376,3
157,239,5
157,376,2
157,142,5
157,39,3
157,4,2
157,436,1
157,209,3
157,253,5
157,144,2
157,570,2
57,608,4
57,501,1
57,304,2
57,467,5
57,277,3
57,319,5
57,131,1
57,118,4
57,581,2
57,161,2
57,628,2
57,339,3
57,458,3
57,121,5
57,224,2
57,444,1
57,68,3
57,606,5
57,428,4
57,728,1
57,394,4
57,201,1
160,727,3
160,506,3
160,568,3
160,652,3
160,333,5
160,761,3
160,58,4
160,20,3
160,662,2
160,169,3
160,649,3
160,367,5
160,474,3
160,729,1
160,82,5
160,184,3
160,516,5
160,335,3
160,735,1
160,290,5
160,73,1
160,495,1
154,480,2
154,182,3
154,439,5
154,435,5
154,515,3
154,587,4
154,351,2
154,33,3
154,523,4
154,727,4
154,585,3
154,305,1
154,163,3
154,661,2
154,633,2
154,170,5
154,582,3
154,565,3
154,185,5
154,52,1
154,340,2
154,721,2
154,128,2
154,417,2
154,369,5
154,472,1
154,498,5
154,490,1
154,346,5
154,711,1
154,256,5
154,27,3
154,70,2
154,482,5
154,338,4
154,347,2
154,176,1
154,730,4
154,749,3
154,385,2
154,196,3
154,141,4
154,672,1
154,145,1
154,105,2
154,423,2
154,128,5
154,301,2
154,672,1
154,1,2
154,491,2
154,752,2
154,750,5
154,629,4
154,63,5
154,453,4
154,324,3
154,21,5
154,300,4
154,96,2
154,569,3
154,739,3
154,435,1
154,561,4
154,144,1
154,213,1
154,131,4
154,208,4
154,48,3
154,298,5
154,128,3
154,317,3
154,583,3
154,268,5
154,187,4
154,139,4
